method,domain,condition,repeat,round,action,stock,group_total,payoff,budget,health,won,premium,total_contribution,group_welfare,partner_level
full_history,fishery,other_transient,2,1,10.0,100.0,50.0,10.0,,,,,,,
full_history,fishery,other_transient,2,2,10.0,100.0,50.0,10.0,,,,,,,
full_history,fishery,other_transient,2,3,10.0,100.0,50.0,10.0,,,,,,,
full_history,fishery,other_transient,2,4,10.0,90.0,60.0,10.0,,,,,,,
full_history,fishery,other_transient,2,5,8.0,100.0,40.0,8.0,,,,,,,
full_history,fishery,other_transient,2,6,10.0,100.0,50.0,10.0,,,,,,,
full_history,fishery,other_transient,2,7,10.0,100.0,50.0,10.0,,,,,,,
full_history,fishery,other_transient,2,8,10.0,100.0,50.0,10.0,,,,,,,
full_history,fishery,other_transient,2,9,10.0,100.0,50.0,10.0,,,,,,,
full_history,fishery,other_transient,2,10,10.0,100.0,50.0,10.0,,,,,,,
full_history,fishery,other_transient,2,11,10.0,100.0,50.0,10.0,,,,,,,
full_history,fishery,other_transient,2,12,10.0,100.0,50.0,10.0,,,,,,,
full_history,fishery,control,1,1,10.0,100.0,50.0,10.0,,,,,,,
full_history,fishery,control,1,2,10.0,100.0,50.0,10.0,,,,,,,
full_history,fishery,control,1,3,10.0,100.0,50.0,10.0,,,,,,,
full_history,fishery,control,1,4,10.0,100.0,50.0,10.0,,,,,,,
full_history,fishery,control,1,5,10.0,100.0,50.0,10.0,,,,,,,
full_history,fishery,control,1,6,10.0,100.0,50.0,10.0,,,,,,,
full_history,fishery,control,1,7,10.0,100.0,50.0,10.0,,,,,,,
full_history,fishery,control,1,8,10.0,100.0,50.0,10.0,,,,,,,
full_history,fishery,control,1,9,10.0,100.0,50.0,10.0,,,,,,,
full_history,fishery,control,1,10,10.0,100.0,50.0,10.0,,,,,,,
full_history,fishery,control,1,11,10.0,100.0,50.0,10.0,,,,,,,
full_history,fishery,control,1,12,10.0,100.0,50.0,10.0,,,,,,,
full_history,fishery,control,2,1,10.0,100.0,50.0,10.0,,,,,,,
full_history,fishery,control,2,2,10.0,100.0,50.0,10.0,,,,,,,
full_history,fishery,control,2,3,10.0,100.0,50.0,10.0,,,,,,,
full_history,fishery,control,2,4,10.0,100.0,50.0,10.0,,,,,,,
full_history,fishery,control,2,5,10.0,100.0,50.0,10.0,,,,,,,
full_history,fishery,control,2,6,10.0,100.0,50.0,10.0,,,,,,,
full_history,fishery,control,2,7,10.0,100.0,50.0,10.0,,,,,,,
full_history,fishery,control,2,8,10.0,100.0,50.0,10.0,,,,,,,
full_history,fishery,control,2,9,10.0,100.0,50.0,10.0,,,,,,,
full_history,fishery,control,2,10,10.0,100.0,50.0,10.0,,,,,,,
full_history,fishery,control,2,11,10.0,100.0,50.0,10.0,,,,,,,
full_history,fishery,control,2,12,10.0,100.0,50.0,10.0,,,,,,,
hscm_external_controller,auction,control,0,1,50.0,,,,590.0,10.0,True,0.0,,,
hscm_external_controller,auction,control,0,2,50.0,,,,580.0,10.0,True,0.0,,,
hscm_external_controller,auction,control,0,3,50.0,,,,570.0,10.0,True,0.0,,,
hscm_external_controller,auction,control,0,4,50.0,,,,560.0,10.0,True,0.0,,,
hscm_external_controller,auction,control,0,5,50.0,,,,550.0,10.0,True,0.0,,,
hscm_external_controller,auction,control,0,6,50.0,,,,540.0,10.0,True,0.0,,,
hscm_external_controller,auction,control,0,7,50.0,,,,530.0,10.0,True,0.0,,,
hscm_external_controller,auction,control,0,8,50.0,,,,520.0,10.0,True,0.0,,,
hscm_external_controller,auction,control,0,9,50.0,,,,510.0,10.0,True,0.0,,,
hscm_external_controller,auction,control,0,10,50.0,,,,500.0,10.0,True,0.0,,,
hscm_external_controller,auction,control,0,11,50.0,,,,490.0,10.0,True,0.0,,,
hscm_external_controller,auction,control,0,12,50.0,,,,480.0,10.0,True,0.0,,,
reflection,fishery,world_transient,2,1,10.0,100.0,50.0,10.0,,,,,,,
reflection,fishery,world_transient,2,2,10.0,100.0,50.0,10.0,,,,,,,
reflection,fishery,world_transient,2,3,10.0,100.0,50.0,10.0,,,,,,,
reflection,fishery,world_transient,2,4,10.0,90.0,50.0,10.0,,,,,,,
reflection,fishery,world_transient,2,5,8.0,100.0,40.0,8.0,,,,,,,
reflection,fishery,world_transient,2,6,10.0,100.0,50.0,10.0,,,,,,,
reflection,fishery,world_transient,2,7,10.0,100.0,50.0,10.0,,,,,,,
reflection,fishery,world_transient,2,8,10.0,100.0,50.0,10.0,,,,,,,
reflection,fishery,world_transient,2,9,10.0,100.0,50.0,10.0,,,,,,,
reflection,fishery,world_transient,2,10,10.0,100.0,50.0,10.0,,,,,,,
reflection,fishery,world_transient,2,11,10.0,100.0,50.0,10.0,,,,,,,
reflection,fishery,world_transient,2,12,10.0,100.0,50.0,10.0,,,,,,,
reflection,auction,control,0,1,50.0,,,,590.0,10.0,True,0.0,,,
reflection,auction,control,0,2,55.0,,,,575.0,10.0,True,1.0,,,
reflection,auction,control,0,3,53.0,,,,562.0,10.0,True,0.0,,,
reflection,auction,control,0,4,53.0,,,,549.0,10.0,True,0.0,,,
reflection,auction,control,0,5,53.0,,,,536.0,10.0,True,0.0,,,
reflection,auction,control,0,6,53.0,,,,523.0,10.0,True,0.0,,,
reflection,auction,control,0,7,53.0,,,,510.0,10.0,True,0.0,,,
reflection,auction,control,0,8,53.0,,,,497.0,10.0,True,0.0,,,
reflection,auction,control,0,9,53.0,,,,484.0,10.0,True,0.0,,,
reflection,auction,control,0,10,53.0,,,,471.0,10.0,True,0.0,,,
reflection,auction,control,0,11,53.0,,,,458.0,10.0,True,0.0,,,
reflection,auction,control,0,12,53.0,,,,445.0,10.0,True,0.0,,,
reflection,fishery,world_transient,3,1,10.0,100.0,50.0,10.0,,,,,,,
reflection,fishery,world_transient,3,2,10.0,100.0,50.0,10.0,,,,,,,
reflection,fishery,world_transient,3,3,10.0,100.0,50.0,10.0,,,,,,,
reflection,fishery,world_transient,3,4,10.0,90.0,50.0,10.0,,,,,,,
reflection,fishery,world_transient,3,5,8.0,100.0,40.0,8.0,,,,,,,
reflection,fishery,world_transient,3,6,10.0,100.0,50.0,10.0,,,,,,,
reflection,fishery,world_transient,3,7,10.0,100.0,50.0,10.0,,,,,,,
reflection,fishery,world_transient,3,8,10.0,100.0,50.0,10.0,,,,,,,
reflection,fishery,world_transient,3,9,10.0,100.0,50.0,10.0,,,,,,,
reflection,fishery,world_transient,3,10,10.0,100.0,50.0,10.0,,,,,,,
reflection,fishery,world_transient,3,11,10.0,100.0,50.0,10.0,,,,,,,
reflection,fishery,world_transient,3,12,10.0,100.0,50.0,10.0,,,,,,,
reflection,fishery,other_transient,4,1,10.0,100.0,50.0,10.0,,,,,,,
reflection,fishery,other_transient,4,2,10.0,100.0,50.0,10.0,,,,,,,
reflection,fishery,other_transient,4,3,10.0,100.0,50.0,10.0,,,,,,,
reflection,fishery,other_transient,4,4,10.0,90.0,60.0,10.0,,,,,,,
reflection,fishery,other_transient,4,5,8.0,100.0,40.0,8.0,,,,,,,
reflection,fishery,other_transient,4,6,8.0,100.0,48.0,8.0,,,,,,,
reflection,fishery,other_transient,4,7,8.0,100.0,48.0,8.0,,,,,,,
reflection,fishery,other_transient,4,8,8.0,100.0,48.0,8.0,,,,,,,
reflection,fishery,other_transient,4,9,8.0,100.0,48.0,8.0,,,,,,,
reflection,fishery,other_transient,4,10,8.0,100.0,48.0,8.0,,,,,,,
reflection,fishery,other_transient,4,11,10.0,100.0,50.0,10.0,,,,,,,
reflection,fishery,other_transient,4,12,10.0,100.0,50.0,10.0,,,,,,,
reflection,public_goods,other_transient,2,1,10.0,,,30.0,,,,,50.0,150.0,10.0
reflection,public_goods,other_transient,2,2,10.0,,,30.0,,,,,50.0,150.0,10.0
reflection,public_goods,other_transient,2,3,10.0,,,30.0,,,,,50.0,150.0,10.0
reflection,public_goods,other_transient,2,4,10.0,,,26.0,,,,,40.0,140.0,10.0
reflection,public_goods,other_transient,2,5,8.0,,,31.200000000000003,,,,,48.0,148.0,10.0
reflection,public_goods,other_transient,2,6,10.0,,,26.8,,,,,42.0,142.0,8.0
reflection,public_goods,other_transient,2,7,8.0,,,31.200000000000003,,,,,48.0,148.0,10.0
reflection,public_goods,other_transient,2,8,10.0,,,26.8,,,,,42.0,142.0,8.0
reflection,public_goods,other_transient,2,9,10.0,,,30.0,,,,,50.0,150.0,10.0
reflection,public_goods,other_transient,2,10,10.0,,,30.0,,,,,50.0,150.0,10.0
reflection,public_goods,other_transient,2,11,10.0,,,30.0,,,,,50.0,150.0,10.0
reflection,public_goods,other_transient,2,12,10.0,,,30.0,,,,,50.0,150.0,10.0
hscm_external_controller,public_goods,world_transient,4,1,10.0,,,30.0,,,,,50.0,150.0,10.0
hscm_external_controller,public_goods,world_transient,4,2,10.0,,,30.0,,,,,50.0,150.0,10.0
hscm_external_controller,public_goods,world_transient,4,3,10.0,,,30.0,,,,,50.0,150.0,10.0
hscm_external_controller,public_goods,world_transient,4,4,10.0,,,17.5,,,,,50.0,87.5,10.0
hscm_external_controller,public_goods,world_transient,4,5,10.0,,,30.0,,,,,50.0,150.0,10.0
hscm_external_controller,public_goods,world_transient,4,6,10.0,,,30.0,,,,,50.0,150.0,10.0
hscm_external_controller,public_goods,world_transient,4,7,10.0,,,30.0,,,,,50.0,150.0,10.0
hscm_external_controller,public_goods,world_transient,4,8,10.0,,,30.0,,,,,50.0,150.0,10.0
hscm_external_controller,public_goods,world_transient,4,9,10.0,,,30.0,,,,,50.0,150.0,10.0
hscm_external_controller,public_goods,world_transient,4,10,10.0,,,30.0,,,,,50.0,150.0,10.0
hscm_external_controller,public_goods,world_transient,4,11,10.0,,,30.0,,,,,50.0,150.0,10.0
hscm_external_controller,public_goods,world_transient,4,12,10.0,,,30.0,,,,,50.0,150.0,10.0
hscm_external_controller,public_goods,other_transient,3,1,10.0,,,30.0,,,,,50.0,150.0,10.0
hscm_external_controller,public_goods,other_transient,3,2,10.0,,,30.0,,,,,50.0,150.0,10.0
hscm_external_controller,public_goods,other_transient,3,3,10.0,,,30.0,,,,,50.0,150.0,10.0
hscm_external_controller,public_goods,other_transient,3,4,10.0,,,26.0,,,,,40.0,140.0,10.0
hscm_external_controller,public_goods,other_transient,3,5,10.0,,,30.0,,,,,50.0,150.0,10.0
hscm_external_controller,public_goods,other_transient,3,6,10.0,,,30.0,,,,,50.0,150.0,10.0
hscm_external_controller,public_goods,other_transient,3,7,10.0,,,30.0,,,,,50.0,150.0,10.0
hscm_external_controller,public_goods,other_transient,3,8,10.0,,,30.0,,,,,50.0,150.0,10.0
hscm_external_controller,public_goods,other_transient,3,9,10.0,,,30.0,,,,,50.0,150.0,10.0
hscm_external_controller,public_goods,other_transient,3,10,10.0,,,30.0,,,,,50.0,150.0,10.0
hscm_external_controller,public_goods,other_transient,3,11,10.0,,,30.0,,,,,50.0,150.0,10.0
hscm_external_controller,public_goods,other_transient,3,12,10.0,,,30.0,,,,,50.0,150.0,10.0
reflection,auction,control,3,1,55.0,,,,585.0,10.0,True,1.0,,,
reflection,auction,control,3,2,53.0,,,,572.0,10.0,True,0.0,,,
reflection,auction,control,3,3,55.0,,,,557.0,10.0,True,1.0,,,
reflection,auction,control,3,4,55.0,,,,542.0,10.0,True,1.0,,,
reflection,auction,control,3,5,55.0,,,,527.0,10.0,True,1.0,,,
reflection,auction,control,3,6,55.0,,,,512.0,10.0,True,1.0,,,
reflection,auction,control,3,7,55.0,,,,497.0,10.0,True,1.0,,,
reflection,auction,control,3,8,55.0,,,,482.0,10.0,True,1.0,,,
reflection,auction,control,3,9,55.0,,,,467.0,10.0,True,1.0,,,
reflection,auction,control,3,10,55.0,,,,452.0,10.0,True,1.0,,,
reflection,auction,control,3,11,55.0,,,,437.0,10.0,True,1.0,,,
reflection,auction,control,3,12,55.0,,,,422.0,10.0,True,1.0,,,
hscm_external_controller,public_goods,other_transient,2,1,10.0,,,30.0,,,,,50.0,150.0,10.0
hscm_external_controller,public_goods,other_transient,2,2,10.0,,,30.0,,,,,50.0,150.0,10.0
hscm_external_controller,public_goods,other_transient,2,3,10.0,,,30.0,,,,,50.0,150.0,10.0
hscm_external_controller,public_goods,other_transient,2,4,10.0,,,26.0,,,,,40.0,140.0,10.0
hscm_external_controller,public_goods,other_transient,2,5,10.0,,,30.0,,,,,50.0,150.0,10.0
hscm_external_controller,public_goods,other_transient,2,6,10.0,,,30.0,,,,,50.0,150.0,10.0
hscm_external_controller,public_goods,other_transient,2,7,10.0,,,30.0,,,,,50.0,150.0,10.0
hscm_external_controller,public_goods,other_transient,2,8,10.0,,,30.0,,,,,50.0,150.0,10.0
hscm_external_controller,public_goods,other_transient,2,9,10.0,,,30.0,,,,,50.0,150.0,10.0
hscm_external_controller,public_goods,other_transient,2,10,10.0,,,30.0,,,,,50.0,150.0,10.0
hscm_external_controller,public_goods,other_transient,2,11,10.0,,,30.0,,,,,50.0,150.0,10.0
hscm_external_controller,public_goods,other_transient,2,12,10.0,,,30.0,,,,,50.0,150.0,10.0
full_history,public_goods,world_transient,4,1,10.0,,,30.0,,,,,50.0,150.0,10.0
full_history,public_goods,world_transient,4,2,10.0,,,30.0,,,,,50.0,150.0,10.0
full_history,public_goods,world_transient,4,3,10.0,,,30.0,,,,,50.0,150.0,10.0
full_history,public_goods,world_transient,4,4,10.0,,,17.5,,,,,50.0,87.5,10.0
full_history,public_goods,world_transient,4,5,10.0,,,30.0,,,,,50.0,150.0,10.0
full_history,public_goods,world_transient,4,6,10.0,,,30.0,,,,,50.0,150.0,10.0
full_history,public_goods,world_transient,4,7,10.0,,,30.0,,,,,50.0,150.0,10.0
full_history,public_goods,world_transient,4,8,10.0,,,30.0,,,,,50.0,150.0,10.0
full_history,public_goods,world_transient,4,9,10.0,,,30.0,,,,,50.0,150.0,10.0
full_history,public_goods,world_transient,4,10,10.0,,,30.0,,,,,50.0,150.0,10.0
full_history,public_goods,world_transient,4,11,10.0,,,30.0,,,,,50.0,150.0,10.0
full_history,public_goods,world_transient,4,12,10.0,,,30.0,,,,,50.0,150.0,10.0
full_history,auction,control,3,1,50.0,,,,590.0,10.0,True,0.0,,,
full_history,auction,control,3,2,50.0,,,,580.0,10.0,True,0.0,,,
full_history,auction,control,3,3,50.0,,,,570.0,10.0,True,0.0,,,
full_history,auction,control,3,4,50.0,,,,560.0,10.0,True,0.0,,,
full_history,auction,control,3,5,50.0,,,,550.0,10.0,True,0.0,,,
full_history,auction,control,3,6,50.0,,,,540.0,10.0,True,0.0,,,
full_history,auction,control,3,7,50.0,,,,530.0,10.0,True,0.0,,,
full_history,auction,control,3,8,50.0,,,,520.0,10.0,True,0.0,,,
full_history,auction,control,3,9,50.0,,,,510.0,10.0,True,0.0,,,
full_history,auction,control,3,10,50.0,,,,500.0,10.0,True,0.0,,,
full_history,auction,control,3,11,50.0,,,,490.0,10.0,True,0.0,,,
full_history,auction,control,3,12,50.0,,,,480.0,10.0,True,0.0,,,
full_history,public_goods,control,4,1,10.0,,,30.0,,,,,50.0,150.0,10.0
full_history,public_goods,control,4,2,10.0,,,30.0,,,,,50.0,150.0,10.0
full_history,public_goods,control,4,3,10.0,,,30.0,,,,,50.0,150.0,10.0
full_history,public_goods,control,4,4,10.0,,,30.0,,,,,50.0,150.0,10.0
full_history,public_goods,control,4,5,10.0,,,30.0,,,,,50.0,150.0,10.0
full_history,public_goods,control,4,6,10.0,,,30.0,,,,,50.0,150.0,10.0
full_history,public_goods,control,4,7,10.0,,,30.0,,,,,50.0,150.0,10.0
full_history,public_goods,control,4,8,10.0,,,30.0,,,,,50.0,150.0,10.0
full_history,public_goods,control,4,9,10.0,,,30.0,,,,,50.0,150.0,10.0
full_history,public_goods,control,4,10,10.0,,,30.0,,,,,50.0,150.0,10.0
full_history,public_goods,control,4,11,10.0,,,30.0,,,,,50.0,150.0,10.0
full_history,public_goods,control,4,12,10.0,,,30.0,,,,,50.0,150.0,10.0
full_history,auction,other_transient,0,1,50.0,,,,590.0,10.0,True,0.0,,,
full_history,auction,other_transient,0,2,50.0,,,,580.0,10.0,True,0.0,,,
full_history,auction,other_transient,0,3,50.0,,,,570.0,10.0,True,0.0,,,
full_history,auction,other_transient,0,4,50.0,,,,610.0,9.0,False,0.0,,,
full_history,auction,other_transient,0,5,50.0,,,,600.0,10.0,True,0.0,,,
full_history,auction,other_transient,0,6,50.0,,,,590.0,10.0,True,0.0,,,
full_history,auction,other_transient,0,7,50.0,,,,580.0,10.0,True,0.0,,,
full_history,auction,other_transient,0,8,50.0,,,,570.0,10.0,True,0.0,,,
full_history,auction,other_transient,0,9,50.0,,,,560.0,10.0,True,0.0,,,
full_history,auction,other_transient,0,10,50.0,,,,550.0,10.0,True,0.0,,,
full_history,auction,other_transient,0,11,50.0,,,,540.0,10.0,True,0.0,,,
full_history,auction,other_transient,0,12,50.0,,,,530.0,10.0,True,0.0,,,
reflection,fishery,world_transient,1,1,10.0,100.0,50.0,10.0,,,,,,,
reflection,fishery,world_transient,1,2,10.0,100.0,50.0,10.0,,,,,,,
reflection,fishery,world_transient,1,3,10.0,100.0,50.0,10.0,,,,,,,
reflection,fishery,world_transient,1,4,10.0,90.0,50.0,10.0,,,,,,,
reflection,fishery,world_transient,1,5,8.0,100.0,40.0,8.0,,,,,,,
reflection,fishery,world_transient,1,6,10.0,100.0,50.0,10.0,,,,,,,
reflection,fishery,world_transient,1,7,10.0,100.0,50.0,10.0,,,,,,,
reflection,fishery,world_transient,1,8,10.0,100.0,50.0,10.0,,,,,,,
reflection,fishery,world_transient,1,9,10.0,100.0,50.0,10.0,,,,,,,
reflection,fishery,world_transient,1,10,10.0,100.0,50.0,10.0,,,,,,,
reflection,fishery,world_transient,1,11,10.0,100.0,50.0,10.0,,,,,,,
reflection,fishery,world_transient,1,12,10.0,100.0,50.0,10.0,,,,,,,
full_history,auction,world_transient,1,1,50.0,,,,590.0,10.0,True,0.0,,,
full_history,auction,world_transient,1,2,50.0,,,,580.0,10.0,True,0.0,,,
full_history,auction,world_transient,1,3,50.0,,,,570.0,10.0,True,0.0,,,
full_history,auction,world_transient,1,4,50.0,,,,610.0,9.0,False,0.0,,,
full_history,auction,world_transient,1,5,55.0,,,,595.0,10.0,True,1.0,,,
full_history,auction,world_transient,1,6,55.0,,,,580.0,10.0,True,1.0,,,
full_history,auction,world_transient,1,7,55.0,,,,565.0,10.0,True,1.0,,,
full_history,auction,world_transient,1,8,55.0,,,,550.0,10.0,True,1.0,,,
full_history,auction,world_transient,1,9,55.0,,,,535.0,10.0,True,1.0,,,
full_history,auction,world_transient,1,10,55.0,,,,520.0,10.0,True,1.0,,,
full_history,auction,world_transient,1,11,55.0,,,,505.0,10.0,True,1.0,,,
full_history,auction,world_transient,1,12,55.0,,,,490.0,10.0,True,1.0,,,
reflection,public_goods,world_transient,2,1,10.0,,,30.0,,,,,50.0,150.0,10.0
reflection,public_goods,world_transient,2,2,10.0,,,30.0,,,,,50.0,150.0,10.0
reflection,public_goods,world_transient,2,3,10.0,,,30.0,,,,,50.0,150.0,10.0
reflection,public_goods,world_transient,2,4,10.0,,,17.5,,,,,50.0,87.5,10.0
reflection,public_goods,world_transient,2,5,11.0,,,29.400000000000002,,,,,51.0,151.0,10.0
reflection,public_goods,world_transient,2,6,10.0,,,30.0,,,,,50.0,150.0,10.0
reflection,public_goods,world_transient,2,7,12.0,,,28.8,,,,,52.0,152.0,10.0
reflection,public_goods,world_transient,2,8,12.0,,,28.8,,,,,52.0,152.0,10.0
reflection,public_goods,world_transient,2,9,10.0,,,30.0,,,,,50.0,150.0,10.0
reflection,public_goods,world_transient,2,10,10.0,,,30.0,,,,,50.0,150.0,10.0
reflection,public_goods,world_transient,2,11,10.0,,,30.0,,,,,50.0,150.0,10.0
reflection,public_goods,world_transient,2,12,10.0,,,30.0,,,,,50.0,150.0,10.0
hscm_external_controller,public_goods,control,2,1,10.0,,,30.0,,,,,50.0,150.0,10.0
hscm_external_controller,public_goods,control,2,2,10.0,,,30.0,,,,,50.0,150.0,10.0
hscm_external_controller,public_goods,control,2,3,10.0,,,30.0,,,,,50.0,150.0,10.0
hscm_external_controller,public_goods,control,2,4,10.0,,,30.0,,,,,50.0,150.0,10.0
hscm_external_controller,public_goods,control,2,5,10.0,,,30.0,,,,,50.0,150.0,10.0
hscm_external_controller,public_goods,control,2,6,10.0,,,30.0,,,,,50.0,150.0,10.0
hscm_external_controller,public_goods,control,2,7,10.0,,,30.0,,,,,50.0,150.0,10.0
hscm_external_controller,public_goods,control,2,8,10.0,,,30.0,,,,,50.0,150.0,10.0
hscm_external_controller,public_goods,control,2,9,10.0,,,30.0,,,,,50.0,150.0,10.0
hscm_external_controller,public_goods,control,2,10,10.0,,,30.0,,,,,50.0,150.0,10.0
hscm_external_controller,public_goods,control,2,11,10.0,,,30.0,,,,,50.0,150.0,10.0
hscm_external_controller,public_goods,control,2,12,10.0,,,30.0,,,,,50.0,150.0,10.0
full_history,public_goods,control,1,1,10.0,,,30.0,,,,,50.0,150.0,10.0
full_history,public_goods,control,1,2,10.0,,,30.0,,,,,50.0,150.0,10.0
full_history,public_goods,control,1,3,10.0,,,30.0,,,,,50.0,150.0,10.0
full_history,public_goods,control,1,4,10.0,,,30.0,,,,,50.0,150.0,10.0
full_history,public_goods,control,1,5,10.0,,,30.0,,,,,50.0,150.0,10.0
full_history,public_goods,control,1,6,10.0,,,30.0,,,,,50.0,150.0,10.0
full_history,public_goods,control,1,7,10.0,,,30.0,,,,,50.0,150.0,10.0
full_history,public_goods,control,1,8,10.0,,,30.0,,,,,50.0,150.0,10.0
full_history,public_goods,control,1,9,10.0,,,30.0,,,,,50.0,150.0,10.0
full_history,public_goods,control,1,10,10.0,,,30.0,,,,,50.0,150.0,10.0
full_history,public_goods,control,1,11,10.0,,,30.0,,,,,50.0,150.0,10.0
full_history,public_goods,control,1,12,10.0,,,30.0,,,,,50.0,150.0,10.0
hscm_external_controller,auction,world_transient,4,1,50.0,,,,590.0,10.0,True,0.0,,,
hscm_external_controller,auction,world_transient,4,2,50.0,,,,580.0,10.0,True,0.0,,,
hscm_external_controller,auction,world_transient,4,3,50.0,,,,570.0,10.0,True,0.0,,,
hscm_external_controller,auction,world_transient,4,4,50.0,,,,610.0,9.0,False,0.0,,,
hscm_external_controller,auction,world_transient,4,5,50.0,,,,600.0,10.0,True,0.0,,,
hscm_external_controller,auction,world_transient,4,6,50.0,,,,590.0,10.0,True,0.0,,,
hscm_external_controller,auction,world_transient,4,7,50.0,,,,580.0,10.0,True,0.0,,,
hscm_external_controller,auction,world_transient,4,8,50.0,,,,570.0,10.0,True,0.0,,,
hscm_external_controller,auction,world_transient,4,9,50.0,,,,560.0,10.0,True,0.0,,,
hscm_external_controller,auction,world_transient,4,10,50.0,,,,550.0,10.0,True,0.0,,,
hscm_external_controller,auction,world_transient,4,11,50.0,,,,540.0,10.0,True,0.0,,,
hscm_external_controller,auction,world_transient,4,12,50.0,,,,530.0,10.0,True,0.0,,,
hscm_external_controller,auction,world_transient,3,1,50.0,,,,590.0,10.0,True,0.0,,,
hscm_external_controller,auction,world_transient,3,2,50.0,,,,580.0,10.0,True,0.0,,,
hscm_external_controller,auction,world_transient,3,3,50.0,,,,570.0,10.0,True,0.0,,,
hscm_external_controller,auction,world_transient,3,4,50.0,,,,610.0,9.0,False,0.0,,,
hscm_external_controller,auction,world_transient,3,5,50.0,,,,600.0,10.0,True,0.0,,,
hscm_external_controller,auction,world_transient,3,6,50.0,,,,590.0,10.0,True,0.0,,,
hscm_external_controller,auction,world_transient,3,7,50.0,,,,580.0,10.0,True,0.0,,,
hscm_external_controller,auction,world_transient,3,8,50.0,,,,570.0,10.0,True,0.0,,,
hscm_external_controller,auction,world_transient,3,9,50.0,,,,560.0,10.0,True,0.0,,,
hscm_external_controller,auction,world_transient,3,10,50.0,,,,550.0,10.0,True,0.0,,,
hscm_external_controller,auction,world_transient,3,11,50.0,,,,540.0,10.0,True,0.0,,,
hscm_external_controller,auction,world_transient,3,12,50.0,,,,530.0,10.0,True,0.0,,,
reflection,fishery,control,1,1,10.0,100.0,50.0,10.0,,,,,,,
reflection,fishery,control,1,2,10.0,100.0,50.0,10.0,,,,,,,
reflection,fishery,control,1,3,10.0,100.0,50.0,10.0,,,,,,,
reflection,fishery,control,1,4,10.0,100.0,50.0,10.0,,,,,,,
reflection,fishery,control,1,5,10.0,100.0,50.0,10.0,,,,,,,
reflection,fishery,control,1,6,10.0,100.0,50.0,10.0,,,,,,,
reflection,fishery,control,1,7,10.0,100.0,50.0,10.0,,,,,,,
reflection,fishery,control,1,8,10.0,100.0,50.0,10.0,,,,,,,
reflection,fishery,control,1,9,10.0,100.0,50.0,10.0,,,,,,,
reflection,fishery,control,1,10,10.0,100.0,50.0,10.0,,,,,,,
reflection,fishery,control,1,11,10.0,100.0,50.0,10.0,,,,,,,
reflection,fishery,control,1,12,10.0,100.0,50.0,10.0,,,,,,,
full_history,public_goods,other_transient,3,1,10.0,,,30.0,,,,,50.0,150.0,10.0
full_history,public_goods,other_transient,3,2,10.0,,,30.0,,,,,50.0,150.0,10.0
full_history,public_goods,other_transient,3,3,10.0,,,30.0,,,,,50.0,150.0,10.0
full_history,public_goods,other_transient,3,4,10.0,,,26.0,,,,,40.0,140.0,10.0
full_history,public_goods,other_transient,3,5,10.0,,,30.0,,,,,50.0,150.0,10.0
full_history,public_goods,other_transient,3,6,10.0,,,30.0,,,,,50.0,150.0,10.0
full_history,public_goods,other_transient,3,7,10.0,,,30.0,,,,,50.0,150.0,10.0
full_history,public_goods,other_transient,3,8,10.0,,,30.0,,,,,50.0,150.0,10.0
full_history,public_goods,other_transient,3,9,10.0,,,30.0,,,,,50.0,150.0,10.0
full_history,public_goods,other_transient,3,10,10.0,,,30.0,,,,,50.0,150.0,10.0
full_history,public_goods,other_transient,3,11,10.0,,,30.0,,,,,50.0,150.0,10.0
full_history,public_goods,other_transient,3,12,10.0,,,30.0,,,,,50.0,150.0,10.0
reflection,public_goods,world_transient,3,1,10.0,,,30.0,,,,,50.0,150.0,10.0
reflection,public_goods,world_transient,3,2,10.0,,,30.0,,,,,50.0,150.0,10.0
reflection,public_goods,world_transient,3,3,10.0,,,30.0,,,,,50.0,150.0,10.0
reflection,public_goods,world_transient,3,4,12.0,,,15.8,,,,,52.0,87.0,10.0
reflection,public_goods,world_transient,3,5,14.0,,,27.6,,,,,54.0,154.0,10.0
reflection,public_goods,world_transient,3,6,14.0,,,27.6,,,,,54.0,154.0,10.0
reflection,public_goods,world_transient,3,7,10.0,,,30.0,,,,,50.0,150.0,10.0
reflection,public_goods,world_transient,3,8,10.0,,,30.0,,,,,50.0,150.0,10.0
reflection,public_goods,world_transient,3,9,10.0,,,30.0,,,,,50.0,150.0,10.0
reflection,public_goods,world_transient,3,10,10.0,,,30.0,,,,,50.0,150.0,10.0
reflection,public_goods,world_transient,3,11,10.0,,,30.0,,,,,50.0,150.0,10.0
reflection,public_goods,world_transient,3,12,10.0,,,30.0,,,,,50.0,150.0,10.0
full_history,auction,control,4,1,50.0,,,,590.0,10.0,True,0.0,,,
full_history,auction,control,4,2,50.0,,,,580.0,10.0,True,0.0,,,
full_history,auction,control,4,3,50.0,,,,570.0,10.0,True,0.0,,,
full_history,auction,control,4,4,50.0,,,,560.0,10.0,True,0.0,,,
full_history,auction,control,4,5,50.0,,,,550.0,10.0,True,0.0,,,
full_history,auction,control,4,6,50.0,,,,540.0,10.0,True,0.0,,,
full_history,auction,control,4,7,50.0,,,,530.0,10.0,True,0.0,,,
full_history,auction,control,4,8,50.0,,,,520.0,10.0,True,0.0,,,
full_history,auction,control,4,9,50.0,,,,510.0,10.0,True,0.0,,,
full_history,auction,control,4,10,50.0,,,,500.0,10.0,True,0.0,,,
full_history,auction,control,4,11,50.0,,,,490.0,10.0,True,0.0,,,
full_history,auction,control,4,12,50.0,,,,480.0,10.0,True,0.0,,,
reflection,auction,world_transient,4,1,50.0,,,,590.0,10.0,True,0.0,,,
reflection,auction,world_transient,4,2,51.0,,,,579.0,10.0,True,0.0,,,
reflection,auction,world_transient,4,3,53.0,,,,566.0,10.0,True,0.0,,,
reflection,auction,world_transient,4,4,54.0,,,,552.0,10.0,True,0.0,,,
reflection,auction,world_transient,4,5,56.0,,,,536.0,10.0,True,2.0,,,
reflection,auction,world_transient,4,6,55.0,,,,521.0,10.0,True,1.0,,,
reflection,auction,world_transient,4,7,56.0,,,,505.0,10.0,True,2.0,,,
reflection,auction,world_transient,4,8,53.0,,,,492.0,10.0,True,0.0,,,
reflection,auction,world_transient,4,9,53.0,,,,479.0,10.0,True,0.0,,,
reflection,auction,world_transient,4,10,55.0,,,,464.0,10.0,True,1.0,,,
reflection,auction,world_transient,4,11,53.0,,,,451.0,10.0,True,0.0,,,
reflection,auction,world_transient,4,12,55.0,,,,436.0,10.0,True,1.0,,,
reflection,auction,world_transient,1,1,50.0,,,,590.0,10.0,True,0.0,,,
reflection,auction,world_transient,1,2,53.0,,,,577.0,10.0,True,0.0,,,
reflection,auction,world_transient,1,3,53.0,,,,564.0,10.0,True,0.0,,,
reflection,auction,world_transient,1,4,53.0,,,,551.0,10.0,True,0.0,,,
reflection,auction,world_transient,1,5,53.0,,,,538.0,10.0,True,0.0,,,
reflection,auction,world_transient,1,6,53.0,,,,525.0,10.0,True,0.0,,,
reflection,auction,world_transient,1,7,53.0,,,,512.0,10.0,True,0.0,,,
reflection,auction,world_transient,1,8,53.0,,,,499.0,10.0,True,0.0,,,
reflection,auction,world_transient,1,9,53.0,,,,486.0,10.0,True,0.0,,,
reflection,auction,world_transient,1,10,53.0,,,,473.0,10.0,True,0.0,,,
reflection,auction,world_transient,1,11,54.0,,,,459.0,10.0,True,0.0,,,
reflection,auction,world_transient,1,12,55.0,,,,444.0,10.0,True,1.0,,,
reflection,public_goods,control,4,1,10.0,,,30.0,,,,,50.0,150.0,10.0
reflection,public_goods,control,4,2,10.0,,,30.0,,,,,50.0,150.0,10.0
reflection,public_goods,control,4,3,10.0,,,30.0,,,,,50.0,150.0,10.0
reflection,public_goods,control,4,4,10.0,,,30.0,,,,,50.0,150.0,10.0
reflection,public_goods,control,4,5,10.0,,,30.0,,,,,50.0,150.0,10.0
reflection,public_goods,control,4,6,11.0,,,29.400000000000002,,,,,51.0,151.0,10.0
reflection,public_goods,control,4,7,11.0,,,29.400000000000002,,,,,51.0,151.0,10.0
reflection,public_goods,control,4,8,12.0,,,28.8,,,,,52.0,152.0,10.0
reflection,public_goods,control,4,9,12.0,,,28.8,,,,,52.0,152.0,10.0
reflection,public_goods,control,4,10,10.0,,,30.0,,,,,50.0,150.0,10.0
reflection,public_goods,control,4,11,10.0,,,30.0,,,,,50.0,150.0,10.0
reflection,public_goods,control,4,12,10.0,,,30.0,,,,,50.0,150.0,10.0
full_history,public_goods,world_transient,0,1,10.0,,,30.0,,,,,50.0,150.0,10.0
full_history,public_goods,world_transient,0,2,10.0,,,30.0,,,,,50.0,150.0,10.0
full_history,public_goods,world_transient,0,3,10.0,,,30.0,,,,,50.0,150.0,10.0
full_history,public_goods,world_transient,0,4,10.0,,,17.5,,,,,50.0,87.5,10.0
full_history,public_goods,world_transient,0,5,10.0,,,30.0,,,,,50.0,150.0,10.0
full_history,public_goods,world_transient,0,6,10.0,,,30.0,,,,,50.0,150.0,10.0
full_history,public_goods,world_transient,0,7,10.0,,,30.0,,,,,50.0,150.0,10.0
full_history,public_goods,world_transient,0,8,10.0,,,30.0,,,,,50.0,150.0,10.0
full_history,public_goods,world_transient,0,9,10.0,,,30.0,,,,,50.0,150.0,10.0
full_history,public_goods,world_transient,0,10,10.0,,,30.0,,,,,50.0,150.0,10.0
full_history,public_goods,world_transient,0,11,10.0,,,30.0,,,,,50.0,150.0,10.0
full_history,public_goods,world_transient,0,12,10.0,,,30.0,,,,,50.0,150.0,10.0
full_history,fishery,other_transient,4,1,10.0,100.0,50.0,10.0,,,,,,,
full_history,fishery,other_transient,4,2,10.0,100.0,50.0,10.0,,,,,,,
full_history,fishery,other_transient,4,3,10.0,100.0,50.0,10.0,,,,,,,
full_history,fishery,other_transient,4,4,10.0,90.0,60.0,10.0,,,,,,,
full_history,fishery,other_transient,4,5,8.0,100.0,40.0,8.0,,,,,,,
full_history,fishery,other_transient,4,6,10.0,100.0,50.0,10.0,,,,,,,
full_history,fishery,other_transient,4,7,10.0,100.0,50.0,10.0,,,,,,,
full_history,fishery,other_transient,4,8,10.0,100.0,50.0,10.0,,,,,,,
full_history,fishery,other_transient,4,9,10.0,100.0,50.0,10.0,,,,,,,
full_history,fishery,other_transient,4,10,10.0,100.0,50.0,10.0,,,,,,,
full_history,fishery,other_transient,4,11,10.0,100.0,50.0,10.0,,,,,,,
full_history,fishery,other_transient,4,12,10.0,100.0,50.0,10.0,,,,,,,
reflection,public_goods,world_transient,4,1,10.0,,,30.0,,,,,50.0,150.0,10.0
reflection,public_goods,world_transient,4,2,10.0,,,30.0,,,,,50.0,150.0,10.0
reflection,public_goods,world_transient,4,3,10.0,,,30.0,,,,,50.0,150.0,10.0
reflection,public_goods,world_transient,4,4,10.0,,,17.5,,,,,50.0,87.5,10.0
reflection,public_goods,world_transient,4,5,10.0,,,30.0,,,,,50.0,150.0,10.0
reflection,public_goods,world_transient,4,6,10.0,,,30.0,,,,,50.0,150.0,10.0
reflection,public_goods,world_transient,4,7,10.0,,,30.0,,,,,50.0,150.0,10.0
reflection,public_goods,world_transient,4,8,10.0,,,30.0,,,,,50.0,150.0,10.0
reflection,public_goods,world_transient,4,9,10.0,,,30.0,,,,,50.0,150.0,10.0
reflection,public_goods,world_transient,4,10,10.0,,,30.0,,,,,50.0,150.0,10.0
reflection,public_goods,world_transient,4,11,10.0,,,30.0,,,,,50.0,150.0,10.0
reflection,public_goods,world_transient,4,12,10.0,,,30.0,,,,,50.0,150.0,10.0
hscm_external_controller,public_goods,control,4,1,10.0,,,30.0,,,,,50.0,150.0,10.0
hscm_external_controller,public_goods,control,4,2,10.0,,,30.0,,,,,50.0,150.0,10.0
hscm_external_controller,public_goods,control,4,3,10.0,,,30.0,,,,,50.0,150.0,10.0
hscm_external_controller,public_goods,control,4,4,10.0,,,30.0,,,,,50.0,150.0,10.0
hscm_external_controller,public_goods,control,4,5,10.0,,,30.0,,,,,50.0,150.0,10.0
hscm_external_controller,public_goods,control,4,6,10.0,,,30.0,,,,,50.0,150.0,10.0
hscm_external_controller,public_goods,control,4,7,10.0,,,30.0,,,,,50.0,150.0,10.0
hscm_external_controller,public_goods,control,4,8,10.0,,,30.0,,,,,50.0,150.0,10.0
hscm_external_controller,public_goods,control,4,9,10.0,,,30.0,,,,,50.0,150.0,10.0
hscm_external_controller,public_goods,control,4,10,10.0,,,30.0,,,,,50.0,150.0,10.0
hscm_external_controller,public_goods,control,4,11,10.0,,,30.0,,,,,50.0,150.0,10.0
hscm_external_controller,public_goods,control,4,12,10.0,,,30.0,,,,,50.0,150.0,10.0
hscm_external_controller,fishery,other_transient,0,1,10.0,100.0,50.0,10.0,,,,,,,
hscm_external_controller,fishery,other_transient,0,2,10.0,100.0,50.0,10.0,,,,,,,
hscm_external_controller,fishery,other_transient,0,3,10.0,100.0,50.0,10.0,,,,,,,
hscm_external_controller,fishery,other_transient,0,4,10.0,90.0,60.0,10.0,,,,,,,
hscm_external_controller,fishery,other_transient,0,5,8.0,100.0,40.0,8.0,,,,,,,
hscm_external_controller,fishery,other_transient,0,6,10.0,100.0,50.0,10.0,,,,,,,
hscm_external_controller,fishery,other_transient,0,7,10.0,100.0,50.0,10.0,,,,,,,
hscm_external_controller,fishery,other_transient,0,8,10.0,100.0,50.0,10.0,,,,,,,
hscm_external_controller,fishery,other_transient,0,9,10.0,100.0,50.0,10.0,,,,,,,
hscm_external_controller,fishery,other_transient,0,10,10.0,100.0,50.0,10.0,,,,,,,
hscm_external_controller,fishery,other_transient,0,11,10.0,100.0,50.0,10.0,,,,,,,
hscm_external_controller,fishery,other_transient,0,12,10.0,100.0,50.0,10.0,,,,,,,
reflection,auction,other_transient,1,1,50.0,,,,590.0,10.0,True,0.0,,,
reflection,auction,other_transient,1,2,50.0,,,,580.0,10.0,True,0.0,,,
reflection,auction,other_transient,1,3,50.0,,,,570.0,10.0,True,0.0,,,
reflection,auction,other_transient,1,4,50.0,,,,610.0,9.0,False,0.0,,,
reflection,auction,other_transient,1,5,50.0,,,,600.0,10.0,True,0.0,,,
reflection,auction,other_transient,1,6,53.0,,,,587.0,10.0,True,0.0,,,
reflection,auction,other_transient,1,7,55.0,,,,572.0,10.0,True,1.0,,,
reflection,auction,other_transient,1,8,54.0,,,,558.0,10.0,True,0.0,,,
reflection,auction,other_transient,1,9,53.0,,,,545.0,10.0,True,0.0,,,
reflection,auction,other_transient,1,10,52.0,,,,533.0,10.0,True,0.0,,,
reflection,auction,other_transient,1,11,52.0,,,,521.0,10.0,True,0.0,,,
reflection,auction,other_transient,1,12,53.0,,,,508.0,10.0,True,0.0,,,
hscm_external_controller,auction,other_transient,2,1,50.0,,,,590.0,10.0,True,0.0,,,
hscm_external_controller,auction,other_transient,2,2,50.0,,,,580.0,10.0,True,0.0,,,
hscm_external_controller,auction,other_transient,2,3,54.0,,,,566.0,10.0,True,0.0,,,
hscm_external_controller,auction,other_transient,2,4,54.0,,,,552.0,10.0,True,0.0,,,
hscm_external_controller,auction,other_transient,2,5,54.0,,,,538.0,10.0,True,0.0,,,
hscm_external_controller,auction,other_transient,2,6,54.0,,,,524.0,10.0,True,0.0,,,
hscm_external_controller,auction,other_transient,2,7,54.0,,,,510.0,10.0,True,0.0,,,
hscm_external_controller,auction,other_transient,2,8,54.0,,,,496.0,10.0,True,0.0,,,
hscm_external_controller,auction,other_transient,2,9,54.0,,,,482.0,10.0,True,0.0,,,
hscm_external_controller,auction,other_transient,2,10,54.0,,,,468.0,10.0,True,0.0,,,
hscm_external_controller,auction,other_transient,2,11,54.0,,,,454.0,10.0,True,0.0,,,
hscm_external_controller,auction,other_transient,2,12,54.0,,,,440.0,10.0,True,0.0,,,
hscm_external_controller,fishery,world_transient,1,1,10.0,100.0,50.0,10.0,,,,,,,
hscm_external_controller,fishery,world_transient,1,2,10.0,100.0,50.0,10.0,,,,,,,
hscm_external_controller,fishery,world_transient,1,3,10.0,100.0,50.0,10.0,,,,,,,
hscm_external_controller,fishery,world_transient,1,4,10.0,90.0,50.0,10.0,,,,,,,
hscm_external_controller,fishery,world_transient,1,5,8.0,100.0,40.0,8.0,,,,,,,
hscm_external_controller,fishery,world_transient,1,6,10.0,100.0,50.0,10.0,,,,,,,
hscm_external_controller,fishery,world_transient,1,7,10.0,100.0,50.0,10.0,,,,,,,
hscm_external_controller,fishery,world_transient,1,8,10.0,100.0,50.0,10.0,,,,,,,
hscm_external_controller,fishery,world_transient,1,9,10.0,100.0,50.0,10.0,,,,,,,
hscm_external_controller,fishery,world_transient,1,10,10.0,100.0,50.0,10.0,,,,,,,
hscm_external_controller,fishery,world_transient,1,11,10.0,100.0,50.0,10.0,,,,,,,
hscm_external_controller,fishery,world_transient,1,12,10.0,100.0,50.0,10.0,,,,,,,
reflection,fishery,other_transient,0,1,10.0,100.0,50.0,10.0,,,,,,,
reflection,fishery,other_transient,0,2,10.0,100.0,50.0,10.0,,,,,,,
reflection,fishery,other_transient,0,3,10.0,100.0,50.0,10.0,,,,,,,
reflection,fishery,other_transient,0,4,10.0,90.0,60.0,10.0,,,,,,,
reflection,fishery,other_transient,0,5,8.0,100.0,40.0,8.0,,,,,,,
reflection,fishery,other_transient,0,6,10.0,100.0,50.0,10.0,,,,,,,
reflection,fishery,other_transient,0,7,10.0,100.0,50.0,10.0,,,,,,,
reflection,fishery,other_transient,0,8,10.0,100.0,50.0,10.0,,,,,,,
reflection,fishery,other_transient,0,9,10.0,100.0,50.0,10.0,,,,,,,
reflection,fishery,other_transient,0,10,10.0,100.0,50.0,10.0,,,,,,,
reflection,fishery,other_transient,0,11,10.0,100.0,50.0,10.0,,,,,,,
reflection,fishery,other_transient,0,12,10.0,100.0,50.0,10.0,,,,,,,
hscm_external_controller,auction,other_transient,4,1,50.0,,,,590.0,10.0,True,0.0,,,
hscm_external_controller,auction,other_transient,4,2,50.0,,,,580.0,10.0,True,0.0,,,
hscm_external_controller,auction,other_transient,4,3,50.0,,,,570.0,10.0,True,0.0,,,
hscm_external_controller,auction,other_transient,4,4,50.0,,,,610.0,9.0,False,0.0,,,
hscm_external_controller,auction,other_transient,4,5,50.0,,,,600.0,10.0,True,0.0,,,
hscm_external_controller,auction,other_transient,4,6,50.0,,,,590.0,10.0,True,0.0,,,
hscm_external_controller,auction,other_transient,4,7,50.0,,,,580.0,10.0,True,0.0,,,
hscm_external_controller,auction,other_transient,4,8,50.0,,,,570.0,10.0,True,0.0,,,
hscm_external_controller,auction,other_transient,4,9,50.0,,,,560.0,10.0,True,0.0,,,
hscm_external_controller,auction,other_transient,4,10,50.0,,,,550.0,10.0,True,0.0,,,
hscm_external_controller,auction,other_transient,4,11,50.0,,,,540.0,10.0,True,0.0,,,
hscm_external_controller,auction,other_transient,4,12,50.0,,,,530.0,10.0,True,0.0,,,
reflection,fishery,control,4,1,10.0,100.0,50.0,10.0,,,,,,,
reflection,fishery,control,4,2,10.0,100.0,50.0,10.0,,,,,,,
reflection,fishery,control,4,3,10.0,100.0,50.0,10.0,,,,,,,
reflection,fishery,control,4,4,10.0,100.0,50.0,10.0,,,,,,,
reflection,fishery,control,4,5,10.0,100.0,50.0,10.0,,,,,,,
reflection,fishery,control,4,6,10.0,100.0,50.0,10.0,,,,,,,
reflection,fishery,control,4,7,10.0,100.0,50.0,10.0,,,,,,,
reflection,fishery,control,4,8,10.0,100.0,50.0,10.0,,,,,,,
reflection,fishery,control,4,9,10.0,100.0,50.0,10.0,,,,,,,
reflection,fishery,control,4,10,10.0,100.0,50.0,10.0,,,,,,,
reflection,fishery,control,4,11,10.0,100.0,50.0,10.0,,,,,,,
reflection,fishery,control,4,12,10.0,100.0,50.0,10.0,,,,,,,
reflection,public_goods,world_transient,1,1,10.0,,,30.0,,,,,50.0,150.0,10.0
reflection,public_goods,world_transient,1,2,10.0,,,30.0,,,,,50.0,150.0,10.0
reflection,public_goods,world_transient,1,3,10.0,,,30.0,,,,,50.0,150.0,10.0
reflection,public_goods,world_transient,1,4,10.0,,,17.5,,,,,50.0,87.5,10.0
reflection,public_goods,world_transient,1,5,10.0,,,30.0,,,,,50.0,150.0,10.0
reflection,public_goods,world_transient,1,6,10.0,,,30.0,,,,,50.0,150.0,10.0
reflection,public_goods,world_transient,1,7,10.0,,,30.0,,,,,50.0,150.0,10.0
reflection,public_goods,world_transient,1,8,10.0,,,30.0,,,,,50.0,150.0,10.0
reflection,public_goods,world_transient,1,9,10.0,,,30.0,,,,,50.0,150.0,10.0
reflection,public_goods,world_transient,1,10,10.0,,,30.0,,,,,50.0,150.0,10.0
reflection,public_goods,world_transient,1,11,10.0,,,30.0,,,,,50.0,150.0,10.0
reflection,public_goods,world_transient,1,12,10.0,,,30.0,,,,,50.0,150.0,10.0
full_history,auction,other_transient,3,1,50.0,,,,590.0,10.0,True,0.0,,,
full_history,auction,other_transient,3,2,50.0,,,,580.0,10.0,True,0.0,,,
full_history,auction,other_transient,3,3,50.0,,,,570.0,10.0,True,0.0,,,
full_history,auction,other_transient,3,4,50.0,,,,610.0,9.0,False,0.0,,,
full_history,auction,other_transient,3,5,50.0,,,,600.0,10.0,True,0.0,,,
full_history,auction,other_transient,3,6,50.0,,,,590.0,10.0,True,0.0,,,
full_history,auction,other_transient,3,7,50.0,,,,580.0,10.0,True,0.0,,,
full_history,auction,other_transient,3,8,50.0,,,,570.0,10.0,True,0.0,,,
full_history,auction,other_transient,3,9,50.0,,,,560.0,10.0,True,0.0,,,
full_history,auction,other_transient,3,10,50.0,,,,550.0,10.0,True,0.0,,,
full_history,auction,other_transient,3,11,50.0,,,,540.0,10.0,True,0.0,,,
full_history,auction,other_transient,3,12,50.0,,,,530.0,10.0,True,0.0,,,
full_history,fishery,world_transient,1,1,10.0,100.0,50.0,10.0,,,,,,,
full_history,fishery,world_transient,1,2,10.0,100.0,50.0,10.0,,,,,,,
full_history,fishery,world_transient,1,3,10.0,100.0,50.0,10.0,,,,,,,
full_history,fishery,world_transient,1,4,10.0,90.0,50.0,10.0,,,,,,,
full_history,fishery,world_transient,1,5,8.0,100.0,40.0,8.0,,,,,,,
full_history,fishery,world_transient,1,6,10.0,100.0,50.0,10.0,,,,,,,
full_history,fishery,world_transient,1,7,10.0,100.0,50.0,10.0,,,,,,,
full_history,fishery,world_transient,1,8,10.0,100.0,50.0,10.0,,,,,,,
full_history,fishery,world_transient,1,9,10.0,100.0,50.0,10.0,,,,,,,
full_history,fishery,world_transient,1,10,10.0,100.0,50.0,10.0,,,,,,,
full_history,fishery,world_transient,1,11,10.0,100.0,50.0,10.0,,,,,,,
full_history,fishery,world_transient,1,12,10.0,100.0,50.0,10.0,,,,,,,
full_history,fishery,world_transient,4,1,10.0,100.0,50.0,10.0,,,,,,,
full_history,fishery,world_transient,4,2,10.0,100.0,50.0,10.0,,,,,,,
full_history,fishery,world_transient,4,3,10.0,100.0,50.0,10.0,,,,,,,
full_history,fishery,world_transient,4,4,10.0,90.0,50.0,10.0,,,,,,,
full_history,fishery,world_transient,4,5,8.0,100.0,40.0,8.0,,,,,,,
full_history,fishery,world_transient,4,6,10.0,100.0,50.0,10.0,,,,,,,
full_history,fishery,world_transient,4,7,10.0,100.0,50.0,10.0,,,,,,,
full_history,fishery,world_transient,4,8,10.0,100.0,50.0,10.0,,,,,,,
full_history,fishery,world_transient,4,9,10.0,100.0,50.0,10.0,,,,,,,
full_history,fishery,world_transient,4,10,10.0,100.0,50.0,10.0,,,,,,,
full_history,fishery,world_transient,4,11,10.0,100.0,50.0,10.0,,,,,,,
full_history,fishery,world_transient,4,12,10.0,100.0,50.0,10.0,,,,,,,
hscm_external_controller,fishery,other_transient,4,1,10.0,100.0,50.0,10.0,,,,,,,
hscm_external_controller,fishery,other_transient,4,2,10.0,100.0,50.0,10.0,,,,,,,
hscm_external_controller,fishery,other_transient,4,3,10.0,100.0,50.0,10.0,,,,,,,
hscm_external_controller,fishery,other_transient,4,4,10.0,90.0,60.0,10.0,,,,,,,
hscm_external_controller,fishery,other_transient,4,5,8.0,100.0,40.0,8.0,,,,,,,
hscm_external_controller,fishery,other_transient,4,6,10.0,100.0,50.0,10.0,,,,,,,
hscm_external_controller,fishery,other_transient,4,7,10.0,100.0,50.0,10.0,,,,,,,
hscm_external_controller,fishery,other_transient,4,8,10.0,100.0,50.0,10.0,,,,,,,
hscm_external_controller,fishery,other_transient,4,9,10.0,100.0,50.0,10.0,,,,,,,
hscm_external_controller,fishery,other_transient,4,10,10.0,100.0,50.0,10.0,,,,,,,
hscm_external_controller,fishery,other_transient,4,11,10.0,100.0,50.0,10.0,,,,,,,
hscm_external_controller,fishery,other_transient,4,12,10.0,100.0,50.0,10.0,,,,,,,
full_history,auction,world_transient,4,1,50.0,,,,590.0,10.0,True,0.0,,,
full_history,auction,world_transient,4,2,50.0,,,,580.0,10.0,True,0.0,,,
full_history,auction,world_transient,4,3,50.0,,,,570.0,10.0,True,0.0,,,
full_history,auction,world_transient,4,4,50.0,,,,610.0,9.0,False,0.0,,,
full_history,auction,world_transient,4,5,50.0,,,,600.0,10.0,True,0.0,,,
full_history,auction,world_transient,4,6,50.0,,,,590.0,10.0,True,0.0,,,
full_history,auction,world_transient,4,7,50.0,,,,580.0,10.0,True,0.0,,,
full_history,auction,world_transient,4,8,50.0,,,,570.0,10.0,True,0.0,,,
full_history,auction,world_transient,4,9,50.0,,,,560.0,10.0,True,0.0,,,
full_history,auction,world_transient,4,10,50.0,,,,550.0,10.0,True,0.0,,,
full_history,auction,world_transient,4,11,50.0,,,,540.0,10.0,True,0.0,,,
full_history,auction,world_transient,4,12,50.0,,,,530.0,10.0,True,0.0,,,
hscm_external_controller,public_goods,other_transient,1,1,10.0,,,30.0,,,,,50.0,150.0,10.0
hscm_external_controller,public_goods,other_transient,1,2,10.0,,,30.0,,,,,50.0,150.0,10.0
hscm_external_controller,public_goods,other_transient,1,3,10.0,,,30.0,,,,,50.0,150.0,10.0
hscm_external_controller,public_goods,other_transient,1,4,10.0,,,26.0,,,,,40.0,140.0,10.0
hscm_external_controller,public_goods,other_transient,1,5,10.0,,,30.0,,,,,50.0,150.0,10.0
hscm_external_controller,public_goods,other_transient,1,6,10.0,,,30.0,,,,,50.0,150.0,10.0
hscm_external_controller,public_goods,other_transient,1,7,10.0,,,30.0,,,,,50.0,150.0,10.0
hscm_external_controller,public_goods,other_transient,1,8,10.0,,,30.0,,,,,50.0,150.0,10.0
hscm_external_controller,public_goods,other_transient,1,9,10.0,,,30.0,,,,,50.0,150.0,10.0
hscm_external_controller,public_goods,other_transient,1,10,10.0,,,30.0,,,,,50.0,150.0,10.0
hscm_external_controller,public_goods,other_transient,1,11,10.0,,,30.0,,,,,50.0,150.0,10.0
hscm_external_controller,public_goods,other_transient,1,12,10.0,,,30.0,,,,,50.0,150.0,10.0
hscm_external_controller,public_goods,control,0,1,10.0,,,30.0,,,,,50.0,150.0,10.0
hscm_external_controller,public_goods,control,0,2,10.0,,,30.0,,,,,50.0,150.0,10.0
hscm_external_controller,public_goods,control,0,3,10.0,,,30.0,,,,,50.0,150.0,10.0
hscm_external_controller,public_goods,control,0,4,10.0,,,30.0,,,,,50.0,150.0,10.0
hscm_external_controller,public_goods,control,0,5,10.0,,,30.0,,,,,50.0,150.0,10.0
hscm_external_controller,public_goods,control,0,6,10.0,,,30.0,,,,,50.0,150.0,10.0
hscm_external_controller,public_goods,control,0,7,10.0,,,30.0,,,,,50.0,150.0,10.0
hscm_external_controller,public_goods,control,0,8,10.0,,,30.0,,,,,50.0,150.0,10.0
hscm_external_controller,public_goods,control,0,9,10.0,,,30.0,,,,,50.0,150.0,10.0
hscm_external_controller,public_goods,control,0,10,10.0,,,30.0,,,,,50.0,150.0,10.0
hscm_external_controller,public_goods,control,0,11,10.0,,,30.0,,,,,50.0,150.0,10.0
hscm_external_controller,public_goods,control,0,12,10.0,,,30.0,,,,,50.0,150.0,10.0
full_history,fishery,world_transient,2,1,10.0,100.0,50.0,10.0,,,,,,,
full_history,fishery,world_transient,2,2,10.0,100.0,50.0,10.0,,,,,,,
full_history,fishery,world_transient,2,3,10.0,100.0,50.0,10.0,,,,,,,
full_history,fishery,world_transient,2,4,10.0,90.0,50.0,10.0,,,,,,,
full_history,fishery,world_transient,2,5,8.0,100.0,40.0,8.0,,,,,,,
full_history,fishery,world_transient,2,6,10.0,100.0,50.0,10.0,,,,,,,
full_history,fishery,world_transient,2,7,10.0,100.0,50.0,10.0,,,,,,,
full_history,fishery,world_transient,2,8,10.0,100.0,50.0,10.0,,,,,,,
full_history,fishery,world_transient,2,9,10.0,100.0,50.0,10.0,,,,,,,
full_history,fishery,world_transient,2,10,10.0,100.0,50.0,10.0,,,,,,,
full_history,fishery,world_transient,2,11,10.0,100.0,50.0,10.0,,,,,,,
full_history,fishery,world_transient,2,12,10.0,100.0,50.0,10.0,,,,,,,
full_history,auction,world_transient,0,1,50.0,,,,590.0,10.0,True,0.0,,,
full_history,auction,world_transient,0,2,50.0,,,,580.0,10.0,True,0.0,,,
full_history,auction,world_transient,0,3,50.0,,,,570.0,10.0,True,0.0,,,
full_history,auction,world_transient,0,4,50.0,,,,610.0,9.0,False,0.0,,,
full_history,auction,world_transient,0,5,50.0,,,,600.0,10.0,True,0.0,,,
full_history,auction,world_transient,0,6,50.0,,,,590.0,10.0,True,0.0,,,
full_history,auction,world_transient,0,7,50.0,,,,580.0,10.0,True,0.0,,,
full_history,auction,world_transient,0,8,50.0,,,,570.0,10.0,True,0.0,,,
full_history,auction,world_transient,0,9,50.0,,,,560.0,10.0,True,0.0,,,
full_history,auction,world_transient,0,10,50.0,,,,550.0,10.0,True,0.0,,,
full_history,auction,world_transient,0,11,50.0,,,,540.0,10.0,True,0.0,,,
full_history,auction,world_transient,0,12,50.0,,,,530.0,10.0,True,0.0,,,
reflection,auction,other_transient,2,1,50.0,,,,590.0,10.0,True,0.0,,,
reflection,auction,other_transient,2,2,54.0,,,,576.0,10.0,True,0.0,,,
reflection,auction,other_transient,2,3,53.0,,,,563.0,10.0,True,0.0,,,
reflection,auction,other_transient,2,4,53.0,,,,550.0,10.0,True,0.0,,,
reflection,auction,other_transient,2,5,53.0,,,,537.0,10.0,True,0.0,,,
reflection,auction,other_transient,2,6,53.0,,,,524.0,10.0,True,0.0,,,
reflection,auction,other_transient,2,7,53.0,,,,511.0,10.0,True,0.0,,,
reflection,auction,other_transient,2,8,53.0,,,,498.0,10.0,True,0.0,,,
reflection,auction,other_transient,2,9,53.0,,,,485.0,10.0,True,0.0,,,
reflection,auction,other_transient,2,10,53.0,,,,472.0,10.0,True,0.0,,,
reflection,auction,other_transient,2,11,53.0,,,,459.0,10.0,True,0.0,,,
reflection,auction,other_transient,2,12,53.0,,,,446.0,10.0,True,0.0,,,
reflection,public_goods,other_transient,1,1,10.0,,,30.0,,,,,50.0,150.0,10.0
reflection,public_goods,other_transient,1,2,10.0,,,30.0,,,,,50.0,150.0,10.0
reflection,public_goods,other_transient,1,3,12.0,,,28.8,,,,,52.0,152.0,10.0
reflection,public_goods,other_transient,1,4,10.0,,,26.0,,,,,40.0,140.0,10.0
reflection,public_goods,other_transient,1,5,10.0,,,30.0,,,,,50.0,150.0,10.0
reflection,public_goods,other_transient,1,6,10.0,,,30.0,,,,,50.0,150.0,10.0
reflection,public_goods,other_transient,1,7,10.0,,,30.0,,,,,50.0,150.0,10.0
reflection,public_goods,other_transient,1,8,10.0,,,30.0,,,,,50.0,150.0,10.0
reflection,public_goods,other_transient,1,9,10.0,,,30.0,,,,,50.0,150.0,10.0
reflection,public_goods,other_transient,1,10,10.0,,,30.0,,,,,50.0,150.0,10.0
reflection,public_goods,other_transient,1,11,10.0,,,30.0,,,,,50.0,150.0,10.0
reflection,public_goods,other_transient,1,12,10.0,,,30.0,,,,,50.0,150.0,10.0
hscm_external_controller,fishery,world_transient,3,1,10.0,100.0,50.0,10.0,,,,,,,
hscm_external_controller,fishery,world_transient,3,2,10.0,100.0,50.0,10.0,,,,,,,
hscm_external_controller,fishery,world_transient,3,3,10.0,100.0,50.0,10.0,,,,,,,
hscm_external_controller,fishery,world_transient,3,4,10.0,90.0,50.0,10.0,,,,,,,
hscm_external_controller,fishery,world_transient,3,5,8.0,100.0,40.0,8.0,,,,,,,
hscm_external_controller,fishery,world_transient,3,6,10.0,100.0,50.0,10.0,,,,,,,
hscm_external_controller,fishery,world_transient,3,7,10.0,100.0,50.0,10.0,,,,,,,
hscm_external_controller,fishery,world_transient,3,8,10.0,100.0,50.0,10.0,,,,,,,
hscm_external_controller,fishery,world_transient,3,9,10.0,100.0,50.0,10.0,,,,,,,
hscm_external_controller,fishery,world_transient,3,10,10.0,100.0,50.0,10.0,,,,,,,
hscm_external_controller,fishery,world_transient,3,11,10.0,100.0,50.0,10.0,,,,,,,
hscm_external_controller,fishery,world_transient,3,12,10.0,100.0,50.0,10.0,,,,,,,
hscm_external_controller,public_goods,world_transient,1,1,10.0,,,30.0,,,,,50.0,150.0,10.0
hscm_external_controller,public_goods,world_transient,1,2,10.0,,,30.0,,,,,50.0,150.0,10.0
hscm_external_controller,public_goods,world_transient,1,3,10.0,,,30.0,,,,,50.0,150.0,10.0
hscm_external_controller,public_goods,world_transient,1,4,10.0,,,17.5,,,,,50.0,87.5,10.0
hscm_external_controller,public_goods,world_transient,1,5,10.0,,,30.0,,,,,50.0,150.0,10.0
hscm_external_controller,public_goods,world_transient,1,6,10.0,,,30.0,,,,,50.0,150.0,10.0
hscm_external_controller,public_goods,world_transient,1,7,10.0,,,30.0,,,,,50.0,150.0,10.0
hscm_external_controller,public_goods,world_transient,1,8,10.0,,,30.0,,,,,50.0,150.0,10.0
hscm_external_controller,public_goods,world_transient,1,9,10.0,,,30.0,,,,,50.0,150.0,10.0
hscm_external_controller,public_goods,world_transient,1,10,10.0,,,30.0,,,,,50.0,150.0,10.0
hscm_external_controller,public_goods,world_transient,1,11,10.0,,,30.0,,,,,50.0,150.0,10.0
hscm_external_controller,public_goods,world_transient,1,12,10.0,,,30.0,,,,,50.0,150.0,10.0
hscm_external_controller,fishery,control,0,1,10.0,100.0,50.0,10.0,,,,,,,
hscm_external_controller,fishery,control,0,2,10.0,100.0,50.0,10.0,,,,,,,
hscm_external_controller,fishery,control,0,3,10.0,100.0,50.0,10.0,,,,,,,
hscm_external_controller,fishery,control,0,4,10.0,100.0,50.0,10.0,,,,,,,
hscm_external_controller,fishery,control,0,5,10.0,100.0,50.0,10.0,,,,,,,
hscm_external_controller,fishery,control,0,6,10.0,100.0,50.0,10.0,,,,,,,
hscm_external_controller,fishery,control,0,7,10.0,100.0,50.0,10.0,,,,,,,
hscm_external_controller,fishery,control,0,8,10.0,100.0,50.0,10.0,,,,,,,
hscm_external_controller,fishery,control,0,9,10.0,100.0,50.0,10.0,,,,,,,
hscm_external_controller,fishery,control,0,10,10.0,100.0,50.0,10.0,,,,,,,
hscm_external_controller,fishery,control,0,11,10.0,100.0,50.0,10.0,,,,,,,
hscm_external_controller,fishery,control,0,12,10.0,100.0,50.0,10.0,,,,,,,
reflection,auction,other_transient,3,1,50.0,,,,590.0,10.0,True,0.0,,,
reflection,auction,other_transient,3,2,56.0,,,,574.0,10.0,True,2.0,,,
reflection,auction,other_transient,3,3,58.0,,,,556.0,10.0,True,4.0,,,
reflection,auction,other_transient,3,4,60.0,,,,536.0,10.0,True,6.0,,,
reflection,auction,other_transient,3,5,62.0,,,,514.0,10.0,True,8.0,,,
reflection,auction,other_transient,3,6,64.0,,,,490.0,10.0,True,10.0,,,
reflection,auction,other_transient,3,7,66.0,,,,464.0,10.0,True,12.0,,,
reflection,auction,other_transient,3,8,64.0,,,,440.0,10.0,True,10.0,,,
reflection,auction,other_transient,3,9,68.0,,,,412.0,10.0,True,14.0,,,
reflection,auction,other_transient,3,10,66.0,,,,386.0,10.0,True,12.0,,,
reflection,auction,other_transient,3,11,68.0,,,,358.0,10.0,True,14.0,,,
reflection,auction,other_transient,3,12,72.0,,,,326.0,10.0,True,18.0,,,
full_history,public_goods,control,3,1,10.0,,,30.0,,,,,50.0,150.0,10.0
full_history,public_goods,control,3,2,10.0,,,30.0,,,,,50.0,150.0,10.0
full_history,public_goods,control,3,3,10.0,,,30.0,,,,,50.0,150.0,10.0
full_history,public_goods,control,3,4,10.0,,,30.0,,,,,50.0,150.0,10.0
full_history,public_goods,control,3,5,10.0,,,30.0,,,,,50.0,150.0,10.0
full_history,public_goods,control,3,6,10.0,,,30.0,,,,,50.0,150.0,10.0
full_history,public_goods,control,3,7,10.0,,,30.0,,,,,50.0,150.0,10.0
full_history,public_goods,control,3,8,10.0,,,30.0,,,,,50.0,150.0,10.0
full_history,public_goods,control,3,9,10.0,,,30.0,,,,,50.0,150.0,10.0
full_history,public_goods,control,3,10,10.0,,,30.0,,,,,50.0,150.0,10.0
full_history,public_goods,control,3,11,10.0,,,30.0,,,,,50.0,150.0,10.0
full_history,public_goods,control,3,12,10.0,,,30.0,,,,,50.0,150.0,10.0
full_history,fishery,world_transient,3,1,10.0,100.0,50.0,10.0,,,,,,,
full_history,fishery,world_transient,3,2,10.0,100.0,50.0,10.0,,,,,,,
full_history,fishery,world_transient,3,3,10.0,100.0,50.0,10.0,,,,,,,
full_history,fishery,world_transient,3,4,10.0,90.0,50.0,10.0,,,,,,,
full_history,fishery,world_transient,3,5,8.0,100.0,40.0,8.0,,,,,,,
full_history,fishery,world_transient,3,6,10.0,100.0,50.0,10.0,,,,,,,
full_history,fishery,world_transient,3,7,10.0,100.0,50.0,10.0,,,,,,,
full_history,fishery,world_transient,3,8,10.0,100.0,50.0,10.0,,,,,,,
full_history,fishery,world_transient,3,9,10.0,100.0,50.0,10.0,,,,,,,
full_history,fishery,world_transient,3,10,10.0,100.0,50.0,10.0,,,,,,,
full_history,fishery,world_transient,3,11,10.0,100.0,50.0,10.0,,,,,,,
full_history,fishery,world_transient,3,12,10.0,100.0,50.0,10.0,,,,,,,
hscm_external_controller,auction,control,3,1,50.0,,,,590.0,10.0,True,0.0,,,
hscm_external_controller,auction,control,3,2,50.0,,,,580.0,10.0,True,0.0,,,
hscm_external_controller,auction,control,3,3,50.0,,,,570.0,10.0,True,0.0,,,
hscm_external_controller,auction,control,3,4,50.0,,,,560.0,10.0,True,0.0,,,
hscm_external_controller,auction,control,3,5,50.0,,,,550.0,10.0,True,0.0,,,
hscm_external_controller,auction,control,3,6,50.0,,,,540.0,10.0,True,0.0,,,
hscm_external_controller,auction,control,3,7,50.0,,,,530.0,10.0,True,0.0,,,
hscm_external_controller,auction,control,3,8,50.0,,,,520.0,10.0,True,0.0,,,
hscm_external_controller,auction,control,3,9,50.0,,,,510.0,10.0,True,0.0,,,
hscm_external_controller,auction,control,3,10,50.0,,,,500.0,10.0,True,0.0,,,
hscm_external_controller,auction,control,3,11,50.0,,,,490.0,10.0,True,0.0,,,
hscm_external_controller,auction,control,3,12,50.0,,,,480.0,10.0,True,0.0,,,
hscm_external_controller,fishery,world_transient,4,1,10.0,100.0,50.0,10.0,,,,,,,
hscm_external_controller,fishery,world_transient,4,2,10.0,100.0,50.0,10.0,,,,,,,
hscm_external_controller,fishery,world_transient,4,3,10.0,100.0,50.0,10.0,,,,,,,
hscm_external_controller,fishery,world_transient,4,4,10.0,90.0,50.0,10.0,,,,,,,
hscm_external_controller,fishery,world_transient,4,5,8.0,100.0,40.0,8.0,,,,,,,
hscm_external_controller,fishery,world_transient,4,6,10.0,100.0,50.0,10.0,,,,,,,
hscm_external_controller,fishery,world_transient,4,7,10.0,100.0,50.0,10.0,,,,,,,
hscm_external_controller,fishery,world_transient,4,8,10.0,100.0,50.0,10.0,,,,,,,
hscm_external_controller,fishery,world_transient,4,9,10.0,100.0,50.0,10.0,,,,,,,
hscm_external_controller,fishery,world_transient,4,10,10.0,100.0,50.0,10.0,,,,,,,
hscm_external_controller,fishery,world_transient,4,11,10.0,100.0,50.0,10.0,,,,,,,
hscm_external_controller,fishery,world_transient,4,12,10.0,100.0,50.0,10.0,,,,,,,
full_history,auction,control,1,1,50.0,,,,590.0,10.0,True,0.0,,,
full_history,auction,control,1,2,50.0,,,,580.0,10.0,True,0.0,,,
full_history,auction,control,1,3,50.0,,,,570.0,10.0,True,0.0,,,
full_history,auction,control,1,4,50.0,,,,560.0,10.0,True,0.0,,,
full_history,auction,control,1,5,50.0,,,,550.0,10.0,True,0.0,,,
full_history,auction,control,1,6,50.0,,,,540.0,10.0,True,0.0,,,
full_history,auction,control,1,7,50.0,,,,530.0,10.0,True,0.0,,,
full_history,auction,control,1,8,50.0,,,,520.0,10.0,True,0.0,,,
full_history,auction,control,1,9,50.0,,,,510.0,10.0,True,0.0,,,
full_history,auction,control,1,10,50.0,,,,500.0,10.0,True,0.0,,,
full_history,auction,control,1,11,50.0,,,,490.0,10.0,True,0.0,,,
full_history,auction,control,1,12,50.0,,,,480.0,10.0,True,0.0,,,
hscm_external_controller,public_goods,control,1,1,10.0,,,30.0,,,,,50.0,150.0,10.0
hscm_external_controller,public_goods,control,1,2,10.0,,,30.0,,,,,50.0,150.0,10.0
hscm_external_controller,public_goods,control,1,3,10.0,,,30.0,,,,,50.0,150.0,10.0
hscm_external_controller,public_goods,control,1,4,10.0,,,30.0,,,,,50.0,150.0,10.0
hscm_external_controller,public_goods,control,1,5,10.0,,,30.0,,,,,50.0,150.0,10.0
hscm_external_controller,public_goods,control,1,6,10.0,,,30.0,,,,,50.0,150.0,10.0
hscm_external_controller,public_goods,control,1,7,10.0,,,30.0,,,,,50.0,150.0,10.0
hscm_external_controller,public_goods,control,1,8,10.0,,,30.0,,,,,50.0,150.0,10.0
hscm_external_controller,public_goods,control,1,9,10.0,,,30.0,,,,,50.0,150.0,10.0
hscm_external_controller,public_goods,control,1,10,10.0,,,30.0,,,,,50.0,150.0,10.0
hscm_external_controller,public_goods,control,1,11,10.0,,,30.0,,,,,50.0,150.0,10.0
hscm_external_controller,public_goods,control,1,12,10.0,,,30.0,,,,,50.0,150.0,10.0
reflection,fishery,control,2,1,10.0,100.0,50.0,10.0,,,,,,,
reflection,fishery,control,2,2,10.0,100.0,50.0,10.0,,,,,,,
reflection,fishery,control,2,3,10.0,100.0,50.0,10.0,,,,,,,
reflection,fishery,control,2,4,10.0,100.0,50.0,10.0,,,,,,,
reflection,fishery,control,2,5,10.0,100.0,50.0,10.0,,,,,,,
reflection,fishery,control,2,6,10.0,100.0,50.0,10.0,,,,,,,
reflection,fishery,control,2,7,10.0,100.0,50.0,10.0,,,,,,,
reflection,fishery,control,2,8,10.0,100.0,50.0,10.0,,,,,,,
reflection,fishery,control,2,9,10.0,100.0,50.0,10.0,,,,,,,
reflection,fishery,control,2,10,10.0,100.0,50.0,10.0,,,,,,,
reflection,fishery,control,2,11,10.0,100.0,50.0,10.0,,,,,,,
reflection,fishery,control,2,12,10.0,100.0,50.0,10.0,,,,,,,
reflection,auction,other_transient,0,1,55.0,,,,585.0,10.0,True,1.0,,,
reflection,auction,other_transient,0,2,56.0,,,,569.0,10.0,True,2.0,,,
reflection,auction,other_transient,0,3,56.0,,,,553.0,10.0,True,2.0,,,
reflection,auction,other_transient,0,4,55.0,,,,538.0,10.0,True,1.0,,,
reflection,auction,other_transient,0,5,53.0,,,,525.0,10.0,True,0.0,,,
reflection,auction,other_transient,0,6,55.0,,,,510.0,10.0,True,1.0,,,
reflection,auction,other_transient,0,7,55.0,,,,495.0,10.0,True,1.0,,,
reflection,auction,other_transient,0,8,55.0,,,,480.0,10.0,True,1.0,,,
reflection,auction,other_transient,0,9,55.0,,,,465.0,10.0,True,1.0,,,
reflection,auction,other_transient,0,10,55.0,,,,450.0,10.0,True,1.0,,,
reflection,auction,other_transient,0,11,53.0,,,,437.0,10.0,True,0.0,,,
reflection,auction,other_transient,0,12,55.0,,,,422.0,10.0,True,1.0,,,
full_history,fishery,control,0,1,10.0,100.0,50.0,10.0,,,,,,,
full_history,fishery,control,0,2,10.0,100.0,50.0,10.0,,,,,,,
full_history,fishery,control,0,3,10.0,100.0,50.0,10.0,,,,,,,
full_history,fishery,control,0,4,10.0,100.0,50.0,10.0,,,,,,,
full_history,fishery,control,0,5,10.0,100.0,50.0,10.0,,,,,,,
full_history,fishery,control,0,6,10.0,100.0,50.0,10.0,,,,,,,
full_history,fishery,control,0,7,10.0,100.0,50.0,10.0,,,,,,,
full_history,fishery,control,0,8,10.0,100.0,50.0,10.0,,,,,,,
full_history,fishery,control,0,9,10.0,100.0,50.0,10.0,,,,,,,
full_history,fishery,control,0,10,10.0,100.0,50.0,10.0,,,,,,,
full_history,fishery,control,0,11,10.0,100.0,50.0,10.0,,,,,,,
full_history,fishery,control,0,12,10.0,100.0,50.0,10.0,,,,,,,
hscm_external_controller,public_goods,control,3,1,10.0,,,30.0,,,,,50.0,150.0,10.0
hscm_external_controller,public_goods,control,3,2,10.0,,,30.0,,,,,50.0,150.0,10.0
hscm_external_controller,public_goods,control,3,3,10.0,,,30.0,,,,,50.0,150.0,10.0
hscm_external_controller,public_goods,control,3,4,10.0,,,30.0,,,,,50.0,150.0,10.0
hscm_external_controller,public_goods,control,3,5,10.0,,,30.0,,,,,50.0,150.0,10.0
hscm_external_controller,public_goods,control,3,6,10.0,,,30.0,,,,,50.0,150.0,10.0
hscm_external_controller,public_goods,control,3,7,10.0,,,30.0,,,,,50.0,150.0,10.0
hscm_external_controller,public_goods,control,3,8,10.0,,,30.0,,,,,50.0,150.0,10.0
hscm_external_controller,public_goods,control,3,9,10.0,,,30.0,,,,,50.0,150.0,10.0
hscm_external_controller,public_goods,control,3,10,10.0,,,30.0,,,,,50.0,150.0,10.0
hscm_external_controller,public_goods,control,3,11,10.0,,,30.0,,,,,50.0,150.0,10.0
hscm_external_controller,public_goods,control,3,12,10.0,,,30.0,,,,,50.0,150.0,10.0
hscm_external_controller,fishery,control,3,1,10.0,100.0,50.0,10.0,,,,,,,
hscm_external_controller,fishery,control,3,2,10.0,100.0,50.0,10.0,,,,,,,
hscm_external_controller,fishery,control,3,3,10.0,100.0,50.0,10.0,,,,,,,
hscm_external_controller,fishery,control,3,4,10.0,100.0,50.0,10.0,,,,,,,
hscm_external_controller,fishery,control,3,5,10.0,100.0,50.0,10.0,,,,,,,
hscm_external_controller,fishery,control,3,6,10.0,100.0,50.0,10.0,,,,,,,
hscm_external_controller,fishery,control,3,7,10.0,100.0,50.0,10.0,,,,,,,
hscm_external_controller,fishery,control,3,8,10.0,100.0,50.0,10.0,,,,,,,
hscm_external_controller,fishery,control,3,9,10.0,100.0,50.0,10.0,,,,,,,
hscm_external_controller,fishery,control,3,10,10.0,100.0,50.0,10.0,,,,,,,
hscm_external_controller,fishery,control,3,11,10.0,100.0,50.0,10.0,,,,,,,
hscm_external_controller,fishery,control,3,12,10.0,100.0,50.0,10.0,,,,,,,
reflection,fishery,world_transient,4,1,10.0,100.0,50.0,10.0,,,,,,,
reflection,fishery,world_transient,4,2,10.0,100.0,50.0,10.0,,,,,,,
reflection,fishery,world_transient,4,3,10.0,100.0,50.0,10.0,,,,,,,
reflection,fishery,world_transient,4,4,10.0,90.0,50.0,10.0,,,,,,,
reflection,fishery,world_transient,4,5,8.0,100.0,40.0,8.0,,,,,,,
reflection,fishery,world_transient,4,6,10.0,100.0,50.0,10.0,,,,,,,
reflection,fishery,world_transient,4,7,10.0,100.0,50.0,10.0,,,,,,,
reflection,fishery,world_transient,4,8,10.0,100.0,50.0,10.0,,,,,,,
reflection,fishery,world_transient,4,9,10.0,100.0,50.0,10.0,,,,,,,
reflection,fishery,world_transient,4,10,10.0,100.0,50.0,10.0,,,,,,,
reflection,fishery,world_transient,4,11,10.0,100.0,50.0,10.0,,,,,,,
reflection,fishery,world_transient,4,12,10.0,100.0,50.0,10.0,,,,,,,
reflection,public_goods,world_transient,0,1,10.0,,,30.0,,,,,50.0,150.0,10.0
reflection,public_goods,world_transient,0,2,10.0,,,30.0,,,,,50.0,150.0,10.0
reflection,public_goods,world_transient,0,3,10.0,,,30.0,,,,,50.0,150.0,10.0
reflection,public_goods,world_transient,0,4,10.0,,,17.5,,,,,50.0,87.5,10.0
reflection,public_goods,world_transient,0,5,10.0,,,30.0,,,,,50.0,150.0,10.0
reflection,public_goods,world_transient,0,6,10.0,,,30.0,,,,,50.0,150.0,10.0
reflection,public_goods,world_transient,0,7,10.0,,,30.0,,,,,50.0,150.0,10.0
reflection,public_goods,world_transient,0,8,15.0,,,27.0,,,,,55.0,155.0,10.0
reflection,public_goods,world_transient,0,9,10.0,,,30.0,,,,,50.0,150.0,10.0
reflection,public_goods,world_transient,0,10,10.0,,,30.0,,,,,50.0,150.0,10.0
reflection,public_goods,world_transient,0,11,10.0,,,30.0,,,,,50.0,150.0,10.0
reflection,public_goods,world_transient,0,12,10.0,,,30.0,,,,,50.0,150.0,10.0
reflection,fishery,control,0,1,10.0,100.0,50.0,10.0,,,,,,,
reflection,fishery,control,0,2,10.0,100.0,50.0,10.0,,,,,,,
reflection,fishery,control,0,3,10.0,100.0,50.0,10.0,,,,,,,
reflection,fishery,control,0,4,10.0,100.0,50.0,10.0,,,,,,,
reflection,fishery,control,0,5,10.0,100.0,50.0,10.0,,,,,,,
reflection,fishery,control,0,6,10.0,100.0,50.0,10.0,,,,,,,
reflection,fishery,control,0,7,10.0,100.0,50.0,10.0,,,,,,,
reflection,fishery,control,0,8,10.0,100.0,50.0,10.0,,,,,,,
reflection,fishery,control,0,9,10.0,100.0,50.0,10.0,,,,,,,
reflection,fishery,control,0,10,10.0,100.0,50.0,10.0,,,,,,,
reflection,fishery,control,0,11,10.0,100.0,50.0,10.0,,,,,,,
reflection,fishery,control,0,12,10.0,100.0,50.0,10.0,,,,,,,
hscm_external_controller,auction,control,2,1,50.0,,,,590.0,10.0,True,0.0,,,
hscm_external_controller,auction,control,2,2,50.0,,,,580.0,10.0,True,0.0,,,
hscm_external_controller,auction,control,2,3,50.0,,,,570.0,10.0,True,0.0,,,
hscm_external_controller,auction,control,2,4,50.0,,,,560.0,10.0,True,0.0,,,
hscm_external_controller,auction,control,2,5,50.0,,,,550.0,10.0,True,0.0,,,
hscm_external_controller,auction,control,2,6,50.0,,,,540.0,10.0,True,0.0,,,
hscm_external_controller,auction,control,2,7,50.0,,,,530.0,10.0,True,0.0,,,
hscm_external_controller,auction,control,2,8,50.0,,,,520.0,10.0,True,0.0,,,
hscm_external_controller,auction,control,2,9,50.0,,,,510.0,10.0,True,0.0,,,
hscm_external_controller,auction,control,2,10,50.0,,,,500.0,10.0,True,0.0,,,
hscm_external_controller,auction,control,2,11,50.0,,,,490.0,10.0,True,0.0,,,
hscm_external_controller,auction,control,2,12,50.0,,,,480.0,10.0,True,0.0,,,
full_history,fishery,other_transient,0,1,10.0,100.0,50.0,10.0,,,,,,,
full_history,fishery,other_transient,0,2,10.0,100.0,50.0,10.0,,,,,,,
full_history,fishery,other_transient,0,3,10.0,100.0,50.0,10.0,,,,,,,
full_history,fishery,other_transient,0,4,10.0,90.0,60.0,10.0,,,,,,,
full_history,fishery,other_transient,0,5,8.0,100.0,40.0,8.0,,,,,,,
full_history,fishery,other_transient,0,6,10.0,100.0,50.0,10.0,,,,,,,
full_history,fishery,other_transient,0,7,10.0,100.0,50.0,10.0,,,,,,,
full_history,fishery,other_transient,0,8,10.0,100.0,50.0,10.0,,,,,,,
full_history,fishery,other_transient,0,9,10.0,100.0,50.0,10.0,,,,,,,
full_history,fishery,other_transient,0,10,10.0,100.0,50.0,10.0,,,,,,,
full_history,fishery,other_transient,0,11,10.0,100.0,50.0,10.0,,,,,,,
full_history,fishery,other_transient,0,12,10.0,100.0,50.0,10.0,,,,,,,
reflection,auction,world_transient,2,1,50.0,,,,590.0,10.0,True,0.0,,,
reflection,auction,world_transient,2,2,49.0,,,,581.0,10.0,True,0.0,,,
reflection,auction,world_transient,2,3,52.0,,,,569.0,10.0,True,0.0,,,
reflection,auction,world_transient,2,4,51.0,,,,609.0,9.0,False,0.0,,,
reflection,auction,world_transient,2,5,55.0,,,,594.0,10.0,True,1.0,,,
reflection,auction,world_transient,2,6,53.0,,,,581.0,10.0,True,0.0,,,
reflection,auction,world_transient,2,7,53.0,,,,568.0,10.0,True,0.0,,,
reflection,auction,world_transient,2,8,53.0,,,,555.0,10.0,True,0.0,,,
reflection,auction,world_transient,2,9,53.0,,,,542.0,10.0,True,0.0,,,
reflection,auction,world_transient,2,10,53.0,,,,529.0,10.0,True,0.0,,,
reflection,auction,world_transient,2,11,53.0,,,,516.0,10.0,True,0.0,,,
reflection,auction,world_transient,2,12,53.0,,,,503.0,10.0,True,0.0,,,
hscm_external_controller,fishery,other_transient,2,1,10.0,100.0,50.0,10.0,,,,,,,
hscm_external_controller,fishery,other_transient,2,2,10.0,100.0,50.0,10.0,,,,,,,
hscm_external_controller,fishery,other_transient,2,3,10.0,100.0,50.0,10.0,,,,,,,
hscm_external_controller,fishery,other_transient,2,4,10.0,90.0,60.0,10.0,,,,,,,
hscm_external_controller,fishery,other_transient,2,5,8.0,100.0,40.0,8.0,,,,,,,
hscm_external_controller,fishery,other_transient,2,6,10.0,100.0,50.0,10.0,,,,,,,
hscm_external_controller,fishery,other_transient,2,7,10.0,100.0,50.0,10.0,,,,,,,
hscm_external_controller,fishery,other_transient,2,8,10.0,100.0,50.0,10.0,,,,,,,
hscm_external_controller,fishery,other_transient,2,9,10.0,100.0,50.0,10.0,,,,,,,
hscm_external_controller,fishery,other_transient,2,10,10.0,100.0,50.0,10.0,,,,,,,
hscm_external_controller,fishery,other_transient,2,11,10.0,100.0,50.0,10.0,,,,,,,
hscm_external_controller,fishery,other_transient,2,12,10.0,100.0,50.0,10.0,,,,,,,
full_history,auction,control,0,1,50.0,,,,590.0,10.0,True,0.0,,,
full_history,auction,control,0,2,50.0,,,,580.0,10.0,True,0.0,,,
full_history,auction,control,0,3,50.0,,,,570.0,10.0,True,0.0,,,
full_history,auction,control,0,4,50.0,,,,560.0,10.0,True,0.0,,,
full_history,auction,control,0,5,50.0,,,,550.0,10.0,True,0.0,,,
full_history,auction,control,0,6,50.0,,,,540.0,10.0,True,0.0,,,
full_history,auction,control,0,7,50.0,,,,530.0,10.0,True,0.0,,,
full_history,auction,control,0,8,50.0,,,,520.0,10.0,True,0.0,,,
full_history,auction,control,0,9,50.0,,,,510.0,10.0,True,0.0,,,
full_history,auction,control,0,10,50.0,,,,500.0,10.0,True,0.0,,,
full_history,auction,control,0,11,50.0,,,,490.0,10.0,True,0.0,,,
full_history,auction,control,0,12,50.0,,,,480.0,10.0,True,0.0,,,
reflection,auction,world_transient,3,1,50.0,,,,590.0,10.0,True,0.0,,,
reflection,auction,world_transient,3,2,51.0,,,,579.0,10.0,True,0.0,,,
reflection,auction,world_transient,3,3,49.0,,,,570.0,10.0,True,0.0,,,
reflection,auction,world_transient,3,4,48.0,,,,610.0,9.0,False,0.0,,,
reflection,auction,world_transient,3,5,48.0,,,,650.0,8.0,False,0.0,,,
reflection,auction,world_transient,3,6,47.0,,,,690.0,7.0,False,0.0,,,
reflection,auction,world_transient,3,7,48.0,,,,730.0,6.0,False,0.0,,,
reflection,auction,world_transient,3,8,48.0,,,,770.0,5.0,False,0.0,,,
reflection,auction,world_transient,3,9,56.0,,,,754.0,7.0,True,2.0,,,
reflection,auction,world_transient,3,10,56.0,,,,738.0,9.0,True,2.0,,,
reflection,auction,world_transient,3,11,56.0,,,,722.0,10.0,True,2.0,,,
reflection,auction,world_transient,3,12,56.0,,,,706.0,10.0,True,2.0,,,
full_history,public_goods,world_transient,1,1,10.0,,,30.0,,,,,50.0,150.0,10.0
full_history,public_goods,world_transient,1,2,10.0,,,30.0,,,,,50.0,150.0,10.0
full_history,public_goods,world_transient,1,3,10.0,,,30.0,,,,,50.0,150.0,10.0
full_history,public_goods,world_transient,1,4,10.0,,,17.5,,,,,50.0,87.5,10.0
full_history,public_goods,world_transient,1,5,10.0,,,30.0,,,,,50.0,150.0,10.0
full_history,public_goods,world_transient,1,6,10.0,,,30.0,,,,,50.0,150.0,10.0
full_history,public_goods,world_transient,1,7,10.0,,,30.0,,,,,50.0,150.0,10.0
full_history,public_goods,world_transient,1,8,10.0,,,30.0,,,,,50.0,150.0,10.0
full_history,public_goods,world_transient,1,9,10.0,,,30.0,,,,,50.0,150.0,10.0
full_history,public_goods,world_transient,1,10,10.0,,,30.0,,,,,50.0,150.0,10.0
full_history,public_goods,world_transient,1,11,10.0,,,30.0,,,,,50.0,150.0,10.0
full_history,public_goods,world_transient,1,12,10.0,,,30.0,,,,,50.0,150.0,10.0
hscm_external_controller,auction,other_transient,3,1,50.0,,,,590.0,10.0,True,0.0,,,
hscm_external_controller,auction,other_transient,3,2,50.0,,,,580.0,10.0,True,0.0,,,
hscm_external_controller,auction,other_transient,3,3,50.0,,,,570.0,10.0,True,0.0,,,
hscm_external_controller,auction,other_transient,3,4,50.0,,,,610.0,9.0,False,0.0,,,
hscm_external_controller,auction,other_transient,3,5,50.0,,,,600.0,10.0,True,0.0,,,
hscm_external_controller,auction,other_transient,3,6,50.0,,,,590.0,10.0,True,0.0,,,
hscm_external_controller,auction,other_transient,3,7,50.0,,,,580.0,10.0,True,0.0,,,
hscm_external_controller,auction,other_transient,3,8,50.0,,,,570.0,10.0,True,0.0,,,
hscm_external_controller,auction,other_transient,3,9,50.0,,,,560.0,10.0,True,0.0,,,
hscm_external_controller,auction,other_transient,3,10,50.0,,,,550.0,10.0,True,0.0,,,
hscm_external_controller,auction,other_transient,3,11,50.0,,,,540.0,10.0,True,0.0,,,
hscm_external_controller,auction,other_transient,3,12,50.0,,,,530.0,10.0,True,0.0,,,
full_history,auction,control,2,1,50.0,,,,590.0,10.0,True,0.0,,,
full_history,auction,control,2,2,50.0,,,,580.0,10.0,True,0.0,,,
full_history,auction,control,2,3,50.0,,,,570.0,10.0,True,0.0,,,
full_history,auction,control,2,4,50.0,,,,560.0,10.0,True,0.0,,,
full_history,auction,control,2,5,50.0,,,,550.0,10.0,True,0.0,,,
full_history,auction,control,2,6,50.0,,,,540.0,10.0,True,0.0,,,
full_history,auction,control,2,7,50.0,,,,530.0,10.0,True,0.0,,,
full_history,auction,control,2,8,50.0,,,,520.0,10.0,True,0.0,,,
full_history,auction,control,2,9,50.0,,,,510.0,10.0,True,0.0,,,
full_history,auction,control,2,10,50.0,,,,500.0,10.0,True,0.0,,,
full_history,auction,control,2,11,50.0,,,,490.0,10.0,True,0.0,,,
full_history,auction,control,2,12,50.0,,,,480.0,10.0,True,0.0,,,
hscm_external_controller,fishery,control,2,1,10.0,100.0,50.0,10.0,,,,,,,
hscm_external_controller,fishery,control,2,2,10.0,100.0,50.0,10.0,,,,,,,
hscm_external_controller,fishery,control,2,3,10.0,100.0,50.0,10.0,,,,,,,
hscm_external_controller,fishery,control,2,4,10.0,100.0,50.0,10.0,,,,,,,
hscm_external_controller,fishery,control,2,5,10.0,100.0,50.0,10.0,,,,,,,
hscm_external_controller,fishery,control,2,6,10.0,100.0,50.0,10.0,,,,,,,
hscm_external_controller,fishery,control,2,7,10.0,100.0,50.0,10.0,,,,,,,
hscm_external_controller,fishery,control,2,8,10.0,100.0,50.0,10.0,,,,,,,
hscm_external_controller,fishery,control,2,9,10.0,100.0,50.0,10.0,,,,,,,
hscm_external_controller,fishery,control,2,10,10.0,100.0,50.0,10.0,,,,,,,
hscm_external_controller,fishery,control,2,11,10.0,100.0,50.0,10.0,,,,,,,
hscm_external_controller,fishery,control,2,12,10.0,100.0,50.0,10.0,,,,,,,
reflection,public_goods,control,2,1,10.0,,,30.0,,,,,50.0,150.0,10.0
reflection,public_goods,control,2,2,10.0,,,30.0,,,,,50.0,150.0,10.0
reflection,public_goods,control,2,3,10.0,,,30.0,,,,,50.0,150.0,10.0
reflection,public_goods,control,2,4,10.0,,,30.0,,,,,50.0,150.0,10.0
reflection,public_goods,control,2,5,10.0,,,30.0,,,,,50.0,150.0,10.0
reflection,public_goods,control,2,6,10.0,,,30.0,,,,,50.0,150.0,10.0
reflection,public_goods,control,2,7,10.0,,,30.0,,,,,50.0,150.0,10.0
reflection,public_goods,control,2,8,10.0,,,30.0,,,,,50.0,150.0,10.0
reflection,public_goods,control,2,9,10.0,,,30.0,,,,,50.0,150.0,10.0
reflection,public_goods,control,2,10,10.0,,,30.0,,,,,50.0,150.0,10.0
reflection,public_goods,control,2,11,10.0,,,30.0,,,,,50.0,150.0,10.0
reflection,public_goods,control,2,12,10.0,,,30.0,,,,,50.0,150.0,10.0
hscm_external_controller,fishery,other_transient,1,1,10.0,100.0,50.0,10.0,,,,,,,
hscm_external_controller,fishery,other_transient,1,2,10.0,100.0,50.0,10.0,,,,,,,
hscm_external_controller,fishery,other_transient,1,3,10.0,100.0,50.0,10.0,,,,,,,
hscm_external_controller,fishery,other_transient,1,4,10.0,90.0,60.0,10.0,,,,,,,
hscm_external_controller,fishery,other_transient,1,5,8.0,100.0,40.0,8.0,,,,,,,
hscm_external_controller,fishery,other_transient,1,6,10.0,100.0,50.0,10.0,,,,,,,
hscm_external_controller,fishery,other_transient,1,7,10.0,100.0,50.0,10.0,,,,,,,
hscm_external_controller,fishery,other_transient,1,8,10.0,100.0,50.0,10.0,,,,,,,
hscm_external_controller,fishery,other_transient,1,9,10.0,100.0,50.0,10.0,,,,,,,
hscm_external_controller,fishery,other_transient,1,10,10.0,100.0,50.0,10.0,,,,,,,
hscm_external_controller,fishery,other_transient,1,11,10.0,100.0,50.0,10.0,,,,,,,
hscm_external_controller,fishery,other_transient,1,12,10.0,100.0,50.0,10.0,,,,,,,
reflection,public_goods,control,1,1,10.0,,,30.0,,,,,50.0,150.0,10.0
reflection,public_goods,control,1,2,10.0,,,30.0,,,,,50.0,150.0,10.0
reflection,public_goods,control,1,3,10.0,,,30.0,,,,,50.0,150.0,10.0
reflection,public_goods,control,1,4,10.0,,,30.0,,,,,50.0,150.0,10.0
reflection,public_goods,control,1,5,10.0,,,30.0,,,,,50.0,150.0,10.0
reflection,public_goods,control,1,6,10.0,,,30.0,,,,,50.0,150.0,10.0
reflection,public_goods,control,1,7,10.0,,,30.0,,,,,50.0,150.0,10.0
reflection,public_goods,control,1,8,10.0,,,30.0,,,,,50.0,150.0,10.0
reflection,public_goods,control,1,9,10.0,,,30.0,,,,,50.0,150.0,10.0
reflection,public_goods,control,1,10,10.0,,,30.0,,,,,50.0,150.0,10.0
reflection,public_goods,control,1,11,10.0,,,30.0,,,,,50.0,150.0,10.0
reflection,public_goods,control,1,12,10.0,,,30.0,,,,,50.0,150.0,10.0
full_history,public_goods,world_transient,3,1,10.0,,,30.0,,,,,50.0,150.0,10.0
full_history,public_goods,world_transient,3,2,10.0,,,30.0,,,,,50.0,150.0,10.0
full_history,public_goods,world_transient,3,3,10.0,,,30.0,,,,,50.0,150.0,10.0
full_history,public_goods,world_transient,3,4,10.0,,,17.5,,,,,50.0,87.5,10.0
full_history,public_goods,world_transient,3,5,10.0,,,30.0,,,,,50.0,150.0,10.0
full_history,public_goods,world_transient,3,6,10.0,,,30.0,,,,,50.0,150.0,10.0
full_history,public_goods,world_transient,3,7,10.0,,,30.0,,,,,50.0,150.0,10.0
full_history,public_goods,world_transient,3,8,10.0,,,30.0,,,,,50.0,150.0,10.0
full_history,public_goods,world_transient,3,9,10.0,,,30.0,,,,,50.0,150.0,10.0
full_history,public_goods,world_transient,3,10,10.0,,,30.0,,,,,50.0,150.0,10.0
full_history,public_goods,world_transient,3,11,10.0,,,30.0,,,,,50.0,150.0,10.0
full_history,public_goods,world_transient,3,12,10.0,,,30.0,,,,,50.0,150.0,10.0
full_history,public_goods,other_transient,1,1,10.0,,,30.0,,,,,50.0,150.0,10.0
full_history,public_goods,other_transient,1,2,10.0,,,30.0,,,,,50.0,150.0,10.0
full_history,public_goods,other_transient,1,3,10.0,,,30.0,,,,,50.0,150.0,10.0
full_history,public_goods,other_transient,1,4,10.0,,,26.0,,,,,40.0,140.0,10.0
full_history,public_goods,other_transient,1,5,10.0,,,30.0,,,,,50.0,150.0,10.0
full_history,public_goods,other_transient,1,6,10.0,,,30.0,,,,,50.0,150.0,10.0
full_history,public_goods,other_transient,1,7,10.0,,,30.0,,,,,50.0,150.0,10.0
full_history,public_goods,other_transient,1,8,10.0,,,30.0,,,,,50.0,150.0,10.0
full_history,public_goods,other_transient,1,9,10.0,,,30.0,,,,,50.0,150.0,10.0
full_history,public_goods,other_transient,1,10,10.0,,,30.0,,,,,50.0,150.0,10.0
full_history,public_goods,other_transient,1,11,10.0,,,30.0,,,,,50.0,150.0,10.0
full_history,public_goods,other_transient,1,12,10.0,,,30.0,,,,,50.0,150.0,10.0
full_history,fishery,other_transient,1,1,10.0,100.0,50.0,10.0,,,,,,,
full_history,fishery,other_transient,1,2,10.0,100.0,50.0,10.0,,,,,,,
full_history,fishery,other_transient,1,3,10.0,100.0,50.0,10.0,,,,,,,
full_history,fishery,other_transient,1,4,10.0,90.0,60.0,10.0,,,,,,,
full_history,fishery,other_transient,1,5,8.0,100.0,40.0,8.0,,,,,,,
full_history,fishery,other_transient,1,6,10.0,100.0,50.0,10.0,,,,,,,
full_history,fishery,other_transient,1,7,10.0,100.0,50.0,10.0,,,,,,,
full_history,fishery,other_transient,1,8,10.0,100.0,50.0,10.0,,,,,,,
full_history,fishery,other_transient,1,9,10.0,100.0,50.0,10.0,,,,,,,
full_history,fishery,other_transient,1,10,10.0,100.0,50.0,10.0,,,,,,,
full_history,fishery,other_transient,1,11,10.0,100.0,50.0,10.0,,,,,,,
full_history,fishery,other_transient,1,12,10.0,100.0,50.0,10.0,,,,,,,
full_history,public_goods,other_transient,4,1,10.0,,,30.0,,,,,50.0,150.0,10.0
full_history,public_goods,other_transient,4,2,10.0,,,30.0,,,,,50.0,150.0,10.0
full_history,public_goods,other_transient,4,3,10.0,,,30.0,,,,,50.0,150.0,10.0
full_history,public_goods,other_transient,4,4,10.0,,,26.0,,,,,40.0,140.0,10.0
full_history,public_goods,other_transient,4,5,10.0,,,30.0,,,,,50.0,150.0,10.0
full_history,public_goods,other_transient,4,6,10.0,,,30.0,,,,,50.0,150.0,10.0
full_history,public_goods,other_transient,4,7,10.0,,,30.0,,,,,50.0,150.0,10.0
full_history,public_goods,other_transient,4,8,10.0,,,30.0,,,,,50.0,150.0,10.0
full_history,public_goods,other_transient,4,9,10.0,,,30.0,,,,,50.0,150.0,10.0
full_history,public_goods,other_transient,4,10,10.0,,,30.0,,,,,50.0,150.0,10.0
full_history,public_goods,other_transient,4,11,10.0,,,30.0,,,,,50.0,150.0,10.0
full_history,public_goods,other_transient,4,12,10.0,,,30.0,,,,,50.0,150.0,10.0
full_history,fishery,world_transient,0,1,10.0,100.0,50.0,10.0,,,,,,,
full_history,fishery,world_transient,0,2,10.0,100.0,50.0,10.0,,,,,,,
full_history,fishery,world_transient,0,3,10.0,100.0,50.0,10.0,,,,,,,
full_history,fishery,world_transient,0,4,10.0,90.0,50.0,10.0,,,,,,,
full_history,fishery,world_transient,0,5,8.0,100.0,40.0,8.0,,,,,,,
full_history,fishery,world_transient,0,6,10.0,100.0,50.0,10.0,,,,,,,
full_history,fishery,world_transient,0,7,10.0,100.0,50.0,10.0,,,,,,,
full_history,fishery,world_transient,0,8,10.0,100.0,50.0,10.0,,,,,,,
full_history,fishery,world_transient,0,9,10.0,100.0,50.0,10.0,,,,,,,
full_history,fishery,world_transient,0,10,10.0,100.0,50.0,10.0,,,,,,,
full_history,fishery,world_transient,0,11,10.0,100.0,50.0,10.0,,,,,,,
full_history,fishery,world_transient,0,12,10.0,100.0,50.0,10.0,,,,,,,
reflection,public_goods,other_transient,3,1,10.0,,,30.0,,,,,50.0,150.0,10.0
reflection,public_goods,other_transient,3,2,10.0,,,30.0,,,,,50.0,150.0,10.0
reflection,public_goods,other_transient,3,3,9.0,,,30.6,,,,,49.0,149.0,10.0
reflection,public_goods,other_transient,3,4,10.0,,,26.0,,,,,40.0,140.0,10.0
reflection,public_goods,other_transient,3,5,10.0,,,30.0,,,,,50.0,150.0,10.0
reflection,public_goods,other_transient,3,6,10.0,,,30.0,,,,,50.0,150.0,10.0
reflection,public_goods,other_transient,3,7,10.0,,,30.0,,,,,50.0,150.0,10.0
reflection,public_goods,other_transient,3,8,10.0,,,30.0,,,,,50.0,150.0,10.0
reflection,public_goods,other_transient,3,9,10.0,,,30.0,,,,,50.0,150.0,10.0
reflection,public_goods,other_transient,3,10,10.0,,,30.0,,,,,50.0,150.0,10.0
reflection,public_goods,other_transient,3,11,10.0,,,30.0,,,,,50.0,150.0,10.0
reflection,public_goods,other_transient,3,12,10.0,,,30.0,,,,,50.0,150.0,10.0
hscm_external_controller,public_goods,other_transient,0,1,10.0,,,30.0,,,,,50.0,150.0,10.0
hscm_external_controller,public_goods,other_transient,0,2,10.0,,,30.0,,,,,50.0,150.0,10.0
hscm_external_controller,public_goods,other_transient,0,3,10.0,,,30.0,,,,,50.0,150.0,10.0
hscm_external_controller,public_goods,other_transient,0,4,10.0,,,26.0,,,,,40.0,140.0,10.0
hscm_external_controller,public_goods,other_transient,0,5,10.0,,,30.0,,,,,50.0,150.0,10.0
hscm_external_controller,public_goods,other_transient,0,6,10.0,,,30.0,,,,,50.0,150.0,10.0
hscm_external_controller,public_goods,other_transient,0,7,10.0,,,30.0,,,,,50.0,150.0,10.0
hscm_external_controller,public_goods,other_transient,0,8,10.0,,,30.0,,,,,50.0,150.0,10.0
hscm_external_controller,public_goods,other_transient,0,9,10.0,,,30.0,,,,,50.0,150.0,10.0
hscm_external_controller,public_goods,other_transient,0,10,10.0,,,30.0,,,,,50.0,150.0,10.0
hscm_external_controller,public_goods,other_transient,0,11,10.0,,,30.0,,,,,50.0,150.0,10.0
hscm_external_controller,public_goods,other_transient,0,12,10.0,,,30.0,,,,,50.0,150.0,10.0
reflection,auction,world_transient,0,1,50.0,,,,590.0,10.0,True,0.0,,,
reflection,auction,world_transient,0,2,47.0,,,,630.0,9.0,False,0.0,,,
reflection,auction,world_transient,0,3,46.0,,,,670.0,8.0,False,0.0,,,
reflection,auction,world_transient,0,4,47.0,,,,710.0,7.0,False,0.0,,,
reflection,auction,world_transient,0,5,50.0,,,,700.0,9.0,True,0.0,,,
reflection,auction,world_transient,0,6,55.0,,,,685.0,10.0,True,1.0,,,
reflection,auction,world_transient,0,7,57.0,,,,668.0,10.0,True,3.0,,,
reflection,auction,world_transient,0,8,57.0,,,,651.0,10.0,True,3.0,,,
reflection,auction,world_transient,0,9,58.0,,,,633.0,10.0,True,4.0,,,
reflection,auction,world_transient,0,10,60.0,,,,613.0,10.0,True,6.0,,,
reflection,auction,world_transient,0,11,55.0,,,,598.0,10.0,True,1.0,,,
reflection,auction,world_transient,0,12,55.0,,,,583.0,10.0,True,1.0,,,
hscm_external_controller,auction,control,1,1,50.0,,,,590.0,10.0,True,0.0,,,
hscm_external_controller,auction,control,1,2,50.0,,,,580.0,10.0,True,0.0,,,
hscm_external_controller,auction,control,1,3,50.0,,,,570.0,10.0,True,0.0,,,
hscm_external_controller,auction,control,1,4,50.0,,,,560.0,10.0,True,0.0,,,
hscm_external_controller,auction,control,1,5,50.0,,,,550.0,10.0,True,0.0,,,
hscm_external_controller,auction,control,1,6,50.0,,,,540.0,10.0,True,0.0,,,
hscm_external_controller,auction,control,1,7,50.0,,,,530.0,10.0,True,0.0,,,
hscm_external_controller,auction,control,1,8,50.0,,,,520.0,10.0,True,0.0,,,
hscm_external_controller,auction,control,1,9,50.0,,,,510.0,10.0,True,0.0,,,
hscm_external_controller,auction,control,1,10,50.0,,,,500.0,10.0,True,0.0,,,
hscm_external_controller,auction,control,1,11,50.0,,,,490.0,10.0,True,0.0,,,
hscm_external_controller,auction,control,1,12,50.0,,,,480.0,10.0,True,0.0,,,
hscm_external_controller,auction,world_transient,1,1,50.0,,,,590.0,10.0,True,0.0,,,
hscm_external_controller,auction,world_transient,1,2,50.0,,,,580.0,10.0,True,0.0,,,
hscm_external_controller,auction,world_transient,1,3,50.0,,,,570.0,10.0,True,0.0,,,
hscm_external_controller,auction,world_transient,1,4,50.0,,,,610.0,9.0,False,0.0,,,
hscm_external_controller,auction,world_transient,1,5,50.0,,,,600.0,10.0,True,0.0,,,
hscm_external_controller,auction,world_transient,1,6,50.0,,,,590.0,10.0,True,0.0,,,
hscm_external_controller,auction,world_transient,1,7,50.0,,,,580.0,10.0,True,0.0,,,
hscm_external_controller,auction,world_transient,1,8,50.0,,,,570.0,10.0,True,0.0,,,
hscm_external_controller,auction,world_transient,1,9,50.0,,,,560.0,10.0,True,0.0,,,
hscm_external_controller,auction,world_transient,1,10,50.0,,,,550.0,10.0,True,0.0,,,
hscm_external_controller,auction,world_transient,1,11,50.0,,,,540.0,10.0,True,0.0,,,
hscm_external_controller,auction,world_transient,1,12,50.0,,,,530.0,10.0,True,0.0,,,
hscm_external_controller,auction,world_transient,0,1,50.0,,,,590.0,10.0,True,0.0,,,
hscm_external_controller,auction,world_transient,0,2,50.0,,,,580.0,10.0,True,0.0,,,
hscm_external_controller,auction,world_transient,0,3,50.0,,,,570.0,10.0,True,0.0,,,
hscm_external_controller,auction,world_transient,0,4,50.0,,,,610.0,9.0,False,0.0,,,
hscm_external_controller,auction,world_transient,0,5,50.0,,,,600.0,10.0,True,0.0,,,
hscm_external_controller,auction,world_transient,0,6,50.0,,,,590.0,10.0,True,0.0,,,
hscm_external_controller,auction,world_transient,0,7,50.0,,,,580.0,10.0,True,0.0,,,
hscm_external_controller,auction,world_transient,0,8,50.0,,,,570.0,10.0,True,0.0,,,
hscm_external_controller,auction,world_transient,0,9,50.0,,,,560.0,10.0,True,0.0,,,
hscm_external_controller,auction,world_transient,0,10,50.0,,,,550.0,10.0,True,0.0,,,
hscm_external_controller,auction,world_transient,0,11,50.0,,,,540.0,10.0,True,0.0,,,
hscm_external_controller,auction,world_transient,0,12,50.0,,,,530.0,10.0,True,0.0,,,
hscm_external_controller,fishery,control,1,1,10.0,100.0,50.0,10.0,,,,,,,
hscm_external_controller,fishery,control,1,2,10.0,100.0,50.0,10.0,,,,,,,
hscm_external_controller,fishery,control,1,3,10.0,100.0,50.0,10.0,,,,,,,
hscm_external_controller,fishery,control,1,4,10.0,100.0,50.0,10.0,,,,,,,
hscm_external_controller,fishery,control,1,5,10.0,100.0,50.0,10.0,,,,,,,
hscm_external_controller,fishery,control,1,6,10.0,100.0,50.0,10.0,,,,,,,
hscm_external_controller,fishery,control,1,7,10.0,100.0,50.0,10.0,,,,,,,
hscm_external_controller,fishery,control,1,8,10.0,100.0,50.0,10.0,,,,,,,
hscm_external_controller,fishery,control,1,9,10.0,100.0,50.0,10.0,,,,,,,
hscm_external_controller,fishery,control,1,10,10.0,100.0,50.0,10.0,,,,,,,
hscm_external_controller,fishery,control,1,11,10.0,100.0,50.0,10.0,,,,,,,
hscm_external_controller,fishery,control,1,12,10.0,100.0,50.0,10.0,,,,,,,
hscm_external_controller,auction,control,4,1,50.0,,,,590.0,10.0,True,0.0,,,
hscm_external_controller,auction,control,4,2,50.0,,,,580.0,10.0,True,0.0,,,
hscm_external_controller,auction,control,4,3,50.0,,,,570.0,10.0,True,0.0,,,
hscm_external_controller,auction,control,4,4,50.0,,,,560.0,10.0,True,0.0,,,
hscm_external_controller,auction,control,4,5,50.0,,,,550.0,10.0,True,0.0,,,
hscm_external_controller,auction,control,4,6,50.0,,,,540.0,10.0,True,0.0,,,
hscm_external_controller,auction,control,4,7,50.0,,,,530.0,10.0,True,0.0,,,
hscm_external_controller,auction,control,4,8,50.0,,,,520.0,10.0,True,0.0,,,
hscm_external_controller,auction,control,4,9,50.0,,,,510.0,10.0,True,0.0,,,
hscm_external_controller,auction,control,4,10,50.0,,,,500.0,10.0,True,0.0,,,
hscm_external_controller,auction,control,4,11,50.0,,,,490.0,10.0,True,0.0,,,
hscm_external_controller,auction,control,4,12,50.0,,,,480.0,10.0,True,0.0,,,
reflection,public_goods,other_transient,4,1,10.0,,,30.0,,,,,50.0,150.0,10.0
reflection,public_goods,other_transient,4,2,10.0,,,30.0,,,,,50.0,150.0,10.0
reflection,public_goods,other_transient,4,3,10.0,,,30.0,,,,,50.0,150.0,10.0
reflection,public_goods,other_transient,4,4,10.0,,,26.0,,,,,40.0,140.0,10.0
reflection,public_goods,other_transient,4,5,8.0,,,31.200000000000003,,,,,48.0,148.0,10.0
reflection,public_goods,other_transient,4,6,10.0,,,26.8,,,,,42.0,142.0,8.0
reflection,public_goods,other_transient,4,7,10.0,,,30.0,,,,,50.0,150.0,10.0
reflection,public_goods,other_transient,4,8,10.0,,,30.0,,,,,50.0,150.0,10.0
reflection,public_goods,other_transient,4,9,10.0,,,30.0,,,,,50.0,150.0,10.0
reflection,public_goods,other_transient,4,10,10.0,,,30.0,,,,,50.0,150.0,10.0
reflection,public_goods,other_transient,4,11,10.0,,,30.0,,,,,50.0,150.0,10.0
reflection,public_goods,other_transient,4,12,10.0,,,30.0,,,,,50.0,150.0,10.0
reflection,fishery,control,3,1,10.0,100.0,50.0,10.0,,,,,,,
reflection,fishery,control,3,2,10.0,100.0,50.0,10.0,,,,,,,
reflection,fishery,control,3,3,10.0,100.0,50.0,10.0,,,,,,,
reflection,fishery,control,3,4,10.0,100.0,50.0,10.0,,,,,,,
reflection,fishery,control,3,5,10.0,100.0,50.0,10.0,,,,,,,
reflection,fishery,control,3,6,10.0,100.0,50.0,10.0,,,,,,,
reflection,fishery,control,3,7,10.0,100.0,50.0,10.0,,,,,,,
reflection,fishery,control,3,8,10.0,100.0,50.0,10.0,,,,,,,
reflection,fishery,control,3,9,10.0,100.0,50.0,10.0,,,,,,,
reflection,fishery,control,3,10,10.0,100.0,50.0,10.0,,,,,,,
reflection,fishery,control,3,11,10.0,100.0,50.0,10.0,,,,,,,
reflection,fishery,control,3,12,10.0,100.0,50.0,10.0,,,,,,,
full_history,public_goods,other_transient,0,1,10.0,,,30.0,,,,,50.0,150.0,10.0
full_history,public_goods,other_transient,0,2,10.0,,,30.0,,,,,50.0,150.0,10.0
full_history,public_goods,other_transient,0,3,10.0,,,30.0,,,,,50.0,150.0,10.0
full_history,public_goods,other_transient,0,4,10.0,,,26.0,,,,,40.0,140.0,10.0
full_history,public_goods,other_transient,0,5,10.0,,,30.0,,,,,50.0,150.0,10.0
full_history,public_goods,other_transient,0,6,10.0,,,30.0,,,,,50.0,150.0,10.0
full_history,public_goods,other_transient,0,7,10.0,,,30.0,,,,,50.0,150.0,10.0
full_history,public_goods,other_transient,0,8,10.0,,,30.0,,,,,50.0,150.0,10.0
full_history,public_goods,other_transient,0,9,10.0,,,30.0,,,,,50.0,150.0,10.0
full_history,public_goods,other_transient,0,10,10.0,,,30.0,,,,,50.0,150.0,10.0
full_history,public_goods,other_transient,0,11,10.0,,,30.0,,,,,50.0,150.0,10.0
full_history,public_goods,other_transient,0,12,10.0,,,30.0,,,,,50.0,150.0,10.0
hscm_external_controller,public_goods,world_transient,2,1,10.0,,,30.0,,,,,50.0,150.0,10.0
hscm_external_controller,public_goods,world_transient,2,2,10.0,,,30.0,,,,,50.0,150.0,10.0
hscm_external_controller,public_goods,world_transient,2,3,10.0,,,30.0,,,,,50.0,150.0,10.0
hscm_external_controller,public_goods,world_transient,2,4,10.0,,,17.5,,,,,50.0,87.5,10.0
hscm_external_controller,public_goods,world_transient,2,5,10.0,,,30.0,,,,,50.0,150.0,10.0
hscm_external_controller,public_goods,world_transient,2,6,10.0,,,30.0,,,,,50.0,150.0,10.0
hscm_external_controller,public_goods,world_transient,2,7,10.0,,,30.0,,,,,50.0,150.0,10.0
hscm_external_controller,public_goods,world_transient,2,8,10.0,,,30.0,,,,,50.0,150.0,10.0
hscm_external_controller,public_goods,world_transient,2,9,10.0,,,30.0,,,,,50.0,150.0,10.0
hscm_external_controller,public_goods,world_transient,2,10,10.0,,,30.0,,,,,50.0,150.0,10.0
hscm_external_controller,public_goods,world_transient,2,11,10.0,,,30.0,,,,,50.0,150.0,10.0
hscm_external_controller,public_goods,world_transient,2,12,10.0,,,30.0,,,,,50.0,150.0,10.0
hscm_external_controller,public_goods,world_transient,3,1,10.0,,,30.0,,,,,50.0,150.0,10.0
hscm_external_controller,public_goods,world_transient,3,2,10.0,,,30.0,,,,,50.0,150.0,10.0
hscm_external_controller,public_goods,world_transient,3,3,10.0,,,30.0,,,,,50.0,150.0,10.0
hscm_external_controller,public_goods,world_transient,3,4,10.0,,,17.5,,,,,50.0,87.5,10.0
hscm_external_controller,public_goods,world_transient,3,5,10.0,,,30.0,,,,,50.0,150.0,10.0
hscm_external_controller,public_goods,world_transient,3,6,10.0,,,30.0,,,,,50.0,150.0,10.0
hscm_external_controller,public_goods,world_transient,3,7,10.0,,,30.0,,,,,50.0,150.0,10.0
hscm_external_controller,public_goods,world_transient,3,8,10.0,,,30.0,,,,,50.0,150.0,10.0
hscm_external_controller,public_goods,world_transient,3,9,10.0,,,30.0,,,,,50.0,150.0,10.0
hscm_external_controller,public_goods,world_transient,3,10,10.0,,,30.0,,,,,50.0,150.0,10.0
hscm_external_controller,public_goods,world_transient,3,11,10.0,,,30.0,,,,,50.0,150.0,10.0
hscm_external_controller,public_goods,world_transient,3,12,10.0,,,30.0,,,,,50.0,150.0,10.0
full_history,auction,world_transient,3,1,50.0,,,,590.0,10.0,True,0.0,,,
full_history,auction,world_transient,3,2,50.0,,,,580.0,10.0,True,0.0,,,
full_history,auction,world_transient,3,3,50.0,,,,570.0,10.0,True,0.0,,,
full_history,auction,world_transient,3,4,50.0,,,,610.0,9.0,False,0.0,,,
full_history,auction,world_transient,3,5,50.0,,,,600.0,10.0,True,0.0,,,
full_history,auction,world_transient,3,6,50.0,,,,590.0,10.0,True,0.0,,,
full_history,auction,world_transient,3,7,50.0,,,,580.0,10.0,True,0.0,,,
full_history,auction,world_transient,3,8,50.0,,,,570.0,10.0,True,0.0,,,
full_history,auction,world_transient,3,9,50.0,,,,560.0,10.0,True,0.0,,,
full_history,auction,world_transient,3,10,50.0,,,,550.0,10.0,True,0.0,,,
full_history,auction,world_transient,3,11,50.0,,,,540.0,10.0,True,0.0,,,
full_history,auction,world_transient,3,12,50.0,,,,530.0,10.0,True,0.0,,,
reflection,fishery,other_transient,1,1,10.0,100.0,50.0,10.0,,,,,,,
reflection,fishery,other_transient,1,2,10.0,100.0,50.0,10.0,,,,,,,
reflection,fishery,other_transient,1,3,10.0,100.0,50.0,10.0,,,,,,,
reflection,fishery,other_transient,1,4,10.0,90.0,60.0,10.0,,,,,,,
reflection,fishery,other_transient,1,5,8.0,100.0,40.0,8.0,,,,,,,
reflection,fishery,other_transient,1,6,8.0,100.0,48.0,8.0,,,,,,,
reflection,fishery,other_transient,1,7,8.0,100.0,48.0,8.0,,,,,,,
reflection,fishery,other_transient,1,8,8.0,100.0,48.0,8.0,,,,,,,
reflection,fishery,other_transient,1,9,8.0,100.0,48.0,8.0,,,,,,,
reflection,fishery,other_transient,1,10,8.0,100.0,48.0,8.0,,,,,,,
reflection,fishery,other_transient,1,11,8.0,100.0,48.0,8.0,,,,,,,
reflection,fishery,other_transient,1,12,8.0,100.0,48.0,8.0,,,,,,,
full_history,public_goods,control,0,1,10.0,,,30.0,,,,,50.0,150.0,10.0
full_history,public_goods,control,0,2,10.0,,,30.0,,,,,50.0,150.0,10.0
full_history,public_goods,control,0,3,10.0,,,30.0,,,,,50.0,150.0,10.0
full_history,public_goods,control,0,4,10.0,,,30.0,,,,,50.0,150.0,10.0
full_history,public_goods,control,0,5,10.0,,,30.0,,,,,50.0,150.0,10.0
full_history,public_goods,control,0,6,10.0,,,30.0,,,,,50.0,150.0,10.0
full_history,public_goods,control,0,7,10.0,,,30.0,,,,,50.0,150.0,10.0
full_history,public_goods,control,0,8,10.0,,,30.0,,,,,50.0,150.0,10.0
full_history,public_goods,control,0,9,10.0,,,30.0,,,,,50.0,150.0,10.0
full_history,public_goods,control,0,10,10.0,,,30.0,,,,,50.0,150.0,10.0
full_history,public_goods,control,0,11,10.0,,,30.0,,,,,50.0,150.0,10.0
full_history,public_goods,control,0,12,10.0,,,30.0,,,,,50.0,150.0,10.0
reflection,auction,control,1,1,50.0,,,,590.0,10.0,True,0.0,,,
reflection,auction,control,1,2,50.0,,,,580.0,10.0,True,0.0,,,
reflection,auction,control,1,3,50.0,,,,570.0,10.0,True,0.0,,,
reflection,auction,control,1,4,49.0,,,,561.0,10.0,True,0.0,,,
reflection,auction,control,1,5,49.0,,,,552.0,10.0,True,0.0,,,
reflection,auction,control,1,6,49.0,,,,543.0,10.0,True,0.0,,,
reflection,auction,control,1,7,49.0,,,,534.0,10.0,True,0.0,,,
reflection,auction,control,1,8,49.0,,,,525.0,10.0,True,0.0,,,
reflection,auction,control,1,9,49.0,,,,516.0,10.0,True,0.0,,,
reflection,auction,control,1,10,49.0,,,,507.0,10.0,True,0.0,,,
reflection,auction,control,1,11,49.0,,,,498.0,10.0,True,0.0,,,
reflection,auction,control,1,12,49.0,,,,489.0,10.0,True,0.0,,,
full_history,auction,other_transient,1,1,50.0,,,,590.0,10.0,True,0.0,,,
full_history,auction,other_transient,1,2,50.0,,,,580.0,10.0,True,0.0,,,
full_history,auction,other_transient,1,3,50.0,,,,570.0,10.0,True,0.0,,,
full_history,auction,other_transient,1,4,50.0,,,,610.0,9.0,False,0.0,,,
full_history,auction,other_transient,1,5,50.0,,,,600.0,10.0,True,0.0,,,
full_history,auction,other_transient,1,6,50.0,,,,590.0,10.0,True,0.0,,,
full_history,auction,other_transient,1,7,50.0,,,,580.0,10.0,True,0.0,,,
full_history,auction,other_transient,1,8,50.0,,,,570.0,10.0,True,0.0,,,
full_history,auction,other_transient,1,9,50.0,,,,560.0,10.0,True,0.0,,,
full_history,auction,other_transient,1,10,50.0,,,,550.0,10.0,True,0.0,,,
full_history,auction,other_transient,1,11,50.0,,,,540.0,10.0,True,0.0,,,
full_history,auction,other_transient,1,12,50.0,,,,530.0,10.0,True,0.0,,,
full_history,fishery,control,4,1,10.0,100.0,50.0,10.0,,,,,,,
full_history,fishery,control,4,2,10.0,100.0,50.0,10.0,,,,,,,
full_history,fishery,control,4,3,10.0,100.0,50.0,10.0,,,,,,,
full_history,fishery,control,4,4,10.0,100.0,50.0,10.0,,,,,,,
full_history,fishery,control,4,5,10.0,100.0,50.0,10.0,,,,,,,
full_history,fishery,control,4,6,10.0,100.0,50.0,10.0,,,,,,,
full_history,fishery,control,4,7,10.0,100.0,50.0,10.0,,,,,,,
full_history,fishery,control,4,8,10.0,100.0,50.0,10.0,,,,,,,
full_history,fishery,control,4,9,10.0,100.0,50.0,10.0,,,,,,,
full_history,fishery,control,4,10,10.0,100.0,50.0,10.0,,,,,,,
full_history,fishery,control,4,11,10.0,100.0,50.0,10.0,,,,,,,
full_history,fishery,control,4,12,10.0,100.0,50.0,10.0,,,,,,,
full_history,auction,world_transient,2,1,50.0,,,,590.0,10.0,True,0.0,,,
full_history,auction,world_transient,2,2,50.0,,,,580.0,10.0,True,0.0,,,
full_history,auction,world_transient,2,3,50.0,,,,570.0,10.0,True,0.0,,,
full_history,auction,world_transient,2,4,50.0,,,,610.0,9.0,False,0.0,,,
full_history,auction,world_transient,2,5,50.0,,,,600.0,10.0,True,0.0,,,
full_history,auction,world_transient,2,6,50.0,,,,590.0,10.0,True,0.0,,,
full_history,auction,world_transient,2,7,50.0,,,,580.0,10.0,True,0.0,,,
full_history,auction,world_transient,2,8,50.0,,,,570.0,10.0,True,0.0,,,
full_history,auction,world_transient,2,9,50.0,,,,560.0,10.0,True,0.0,,,
full_history,auction,world_transient,2,10,50.0,,,,550.0,10.0,True,0.0,,,
full_history,auction,world_transient,2,11,50.0,,,,540.0,10.0,True,0.0,,,
full_history,auction,world_transient,2,12,50.0,,,,530.0,10.0,True,0.0,,,
full_history,public_goods,other_transient,2,1,10.0,,,30.0,,,,,50.0,150.0,10.0
full_history,public_goods,other_transient,2,2,10.0,,,30.0,,,,,50.0,150.0,10.0
full_history,public_goods,other_transient,2,3,10.0,,,30.0,,,,,50.0,150.0,10.0
full_history,public_goods,other_transient,2,4,10.0,,,26.0,,,,,40.0,140.0,10.0
full_history,public_goods,other_transient,2,5,10.0,,,30.0,,,,,50.0,150.0,10.0
full_history,public_goods,other_transient,2,6,10.0,,,30.0,,,,,50.0,150.0,10.0
full_history,public_goods,other_transient,2,7,10.0,,,30.0,,,,,50.0,150.0,10.0
full_history,public_goods,other_transient,2,8,10.0,,,30.0,,,,,50.0,150.0,10.0
full_history,public_goods,other_transient,2,9,10.0,,,30.0,,,,,50.0,150.0,10.0
full_history,public_goods,other_transient,2,10,10.0,,,30.0,,,,,50.0,150.0,10.0
full_history,public_goods,other_transient,2,11,10.0,,,30.0,,,,,50.0,150.0,10.0
full_history,public_goods,other_transient,2,12,10.0,,,30.0,,,,,50.0,150.0,10.0
reflection,public_goods,control,0,1,10.0,,,30.0,,,,,50.0,150.0,10.0
reflection,public_goods,control,0,2,10.0,,,30.0,,,,,50.0,150.0,10.0
reflection,public_goods,control,0,3,10.0,,,30.0,,,,,50.0,150.0,10.0
reflection,public_goods,control,0,4,15.0,,,27.0,,,,,55.0,155.0,10.0
reflection,public_goods,control,0,5,15.0,,,27.0,,,,,55.0,155.0,10.0
reflection,public_goods,control,0,6,15.0,,,27.0,,,,,55.0,155.0,10.0
reflection,public_goods,control,0,7,10.0,,,30.0,,,,,50.0,150.0,10.0
reflection,public_goods,control,0,8,10.0,,,30.0,,,,,50.0,150.0,10.0
reflection,public_goods,control,0,9,10.0,,,30.0,,,,,50.0,150.0,10.0
reflection,public_goods,control,0,10,10.0,,,30.0,,,,,50.0,150.0,10.0
reflection,public_goods,control,0,11,10.0,,,30.0,,,,,50.0,150.0,10.0
reflection,public_goods,control,0,12,10.0,,,30.0,,,,,50.0,150.0,10.0
reflection,fishery,other_transient,3,1,10.0,100.0,50.0,10.0,,,,,,,
reflection,fishery,other_transient,3,2,10.0,100.0,50.0,10.0,,,,,,,
reflection,fishery,other_transient,3,3,10.0,100.0,50.0,10.0,,,,,,,
reflection,fishery,other_transient,3,4,10.0,90.0,60.0,10.0,,,,,,,
reflection,fishery,other_transient,3,5,8.0,100.0,40.0,8.0,,,,,,,
reflection,fishery,other_transient,3,6,10.0,100.0,50.0,10.0,,,,,,,
reflection,fishery,other_transient,3,7,10.0,100.0,50.0,10.0,,,,,,,
reflection,fishery,other_transient,3,8,10.0,100.0,50.0,10.0,,,,,,,
reflection,fishery,other_transient,3,9,10.0,100.0,50.0,10.0,,,,,,,
reflection,fishery,other_transient,3,10,10.0,100.0,50.0,10.0,,,,,,,
reflection,fishery,other_transient,3,11,10.0,100.0,50.0,10.0,,,,,,,
reflection,fishery,other_transient,3,12,10.0,100.0,50.0,10.0,,,,,,,
full_history,auction,other_transient,4,1,50.0,,,,590.0,10.0,True,0.0,,,
full_history,auction,other_transient,4,2,50.0,,,,580.0,10.0,True,0.0,,,
full_history,auction,other_transient,4,3,50.0,,,,570.0,10.0,True,0.0,,,
full_history,auction,other_transient,4,4,50.0,,,,610.0,9.0,False,0.0,,,
full_history,auction,other_transient,4,5,50.0,,,,600.0,10.0,True,0.0,,,
full_history,auction,other_transient,4,6,50.0,,,,590.0,10.0,True,0.0,,,
full_history,auction,other_transient,4,7,50.0,,,,580.0,10.0,True,0.0,,,
full_history,auction,other_transient,4,8,50.0,,,,570.0,10.0,True,0.0,,,
full_history,auction,other_transient,4,9,50.0,,,,560.0,10.0,True,0.0,,,
full_history,auction,other_transient,4,10,50.0,,,,550.0,10.0,True,0.0,,,
full_history,auction,other_transient,4,11,50.0,,,,540.0,10.0,True,0.0,,,
full_history,auction,other_transient,4,12,50.0,,,,530.0,10.0,True,0.0,,,
hscm_external_controller,fishery,other_transient,3,1,10.0,100.0,50.0,10.0,,,,,,,
hscm_external_controller,fishery,other_transient,3,2,10.0,100.0,50.0,10.0,,,,,,,
hscm_external_controller,fishery,other_transient,3,3,10.0,100.0,50.0,10.0,,,,,,,
hscm_external_controller,fishery,other_transient,3,4,10.0,90.0,60.0,10.0,,,,,,,
hscm_external_controller,fishery,other_transient,3,5,8.0,100.0,40.0,8.0,,,,,,,
hscm_external_controller,fishery,other_transient,3,6,10.0,100.0,50.0,10.0,,,,,,,
hscm_external_controller,fishery,other_transient,3,7,10.0,100.0,50.0,10.0,,,,,,,
hscm_external_controller,fishery,other_transient,3,8,10.0,100.0,50.0,10.0,,,,,,,
hscm_external_controller,fishery,other_transient,3,9,10.0,100.0,50.0,10.0,,,,,,,
hscm_external_controller,fishery,other_transient,3,10,10.0,100.0,50.0,10.0,,,,,,,
hscm_external_controller,fishery,other_transient,3,11,10.0,100.0,50.0,10.0,,,,,,,
hscm_external_controller,fishery,other_transient,3,12,10.0,100.0,50.0,10.0,,,,,,,
hscm_external_controller,fishery,control,4,1,10.0,100.0,50.0,10.0,,,,,,,
hscm_external_controller,fishery,control,4,2,10.0,100.0,50.0,10.0,,,,,,,
hscm_external_controller,fishery,control,4,3,10.0,100.0,50.0,10.0,,,,,,,
hscm_external_controller,fishery,control,4,4,10.0,100.0,50.0,10.0,,,,,,,
hscm_external_controller,fishery,control,4,5,10.0,100.0,50.0,10.0,,,,,,,
hscm_external_controller,fishery,control,4,6,10.0,100.0,50.0,10.0,,,,,,,
hscm_external_controller,fishery,control,4,7,10.0,100.0,50.0,10.0,,,,,,,
hscm_external_controller,fishery,control,4,8,10.0,100.0,50.0,10.0,,,,,,,
hscm_external_controller,fishery,control,4,9,10.0,100.0,50.0,10.0,,,,,,,
hscm_external_controller,fishery,control,4,10,10.0,100.0,50.0,10.0,,,,,,,
hscm_external_controller,fishery,control,4,11,10.0,100.0,50.0,10.0,,,,,,,
hscm_external_controller,fishery,control,4,12,10.0,100.0,50.0,10.0,,,,,,,
full_history,auction,other_transient,2,1,50.0,,,,590.0,10.0,True,0.0,,,
full_history,auction,other_transient,2,2,50.0,,,,580.0,10.0,True,0.0,,,
full_history,auction,other_transient,2,3,50.0,,,,570.0,10.0,True,0.0,,,
full_history,auction,other_transient,2,4,50.0,,,,610.0,9.0,False,0.0,,,
full_history,auction,other_transient,2,5,50.0,,,,600.0,10.0,True,0.0,,,
full_history,auction,other_transient,2,6,50.0,,,,590.0,10.0,True,0.0,,,
full_history,auction,other_transient,2,7,50.0,,,,580.0,10.0,True,0.0,,,
full_history,auction,other_transient,2,8,50.0,,,,570.0,10.0,True,0.0,,,
full_history,auction,other_transient,2,9,50.0,,,,560.0,10.0,True,0.0,,,
full_history,auction,other_transient,2,10,50.0,,,,550.0,10.0,True,0.0,,,
full_history,auction,other_transient,2,11,50.0,,,,540.0,10.0,True,0.0,,,
full_history,auction,other_transient,2,12,50.0,,,,530.0,10.0,True,0.0,,,
full_history,fishery,other_transient,3,1,10.0,100.0,50.0,10.0,,,,,,,
full_history,fishery,other_transient,3,2,10.0,100.0,50.0,10.0,,,,,,,
full_history,fishery,other_transient,3,3,10.0,100.0,50.0,10.0,,,,,,,
full_history,fishery,other_transient,3,4,10.0,90.0,60.0,10.0,,,,,,,
full_history,fishery,other_transient,3,5,8.0,100.0,40.0,8.0,,,,,,,
full_history,fishery,other_transient,3,6,10.0,100.0,50.0,10.0,,,,,,,
full_history,fishery,other_transient,3,7,10.0,100.0,50.0,10.0,,,,,,,
full_history,fishery,other_transient,3,8,10.0,100.0,50.0,10.0,,,,,,,
full_history,fishery,other_transient,3,9,10.0,100.0,50.0,10.0,,,,,,,
full_history,fishery,other_transient,3,10,10.0,100.0,50.0,10.0,,,,,,,
full_history,fishery,other_transient,3,11,10.0,100.0,50.0,10.0,,,,,,,
full_history,fishery,other_transient,3,12,10.0,100.0,50.0,10.0,,,,,,,
reflection,public_goods,other_transient,0,1,10.0,,,30.0,,,,,50.0,150.0,10.0
reflection,public_goods,other_transient,0,2,10.0,,,30.0,,,,,50.0,150.0,10.0
reflection,public_goods,other_transient,0,3,10.0,,,30.0,,,,,50.0,150.0,10.0
reflection,public_goods,other_transient,0,4,10.0,,,26.0,,,,,40.0,140.0,10.0
reflection,public_goods,other_transient,0,5,8.0,,,31.200000000000003,,,,,48.0,148.0,10.0
reflection,public_goods,other_transient,0,6,10.0,,,26.8,,,,,42.0,142.0,8.0
reflection,public_goods,other_transient,0,7,10.0,,,30.0,,,,,50.0,150.0,10.0
reflection,public_goods,other_transient,0,8,10.0,,,30.0,,,,,50.0,150.0,10.0
reflection,public_goods,other_transient,0,9,10.0,,,30.0,,,,,50.0,150.0,10.0
reflection,public_goods,other_transient,0,10,10.0,,,30.0,,,,,50.0,150.0,10.0
reflection,public_goods,other_transient,0,11,10.0,,,30.0,,,,,50.0,150.0,10.0
reflection,public_goods,other_transient,0,12,10.0,,,30.0,,,,,50.0,150.0,10.0
hscm_external_controller,auction,other_transient,1,1,50.0,,,,590.0,10.0,True,0.0,,,
hscm_external_controller,auction,other_transient,1,2,50.0,,,,580.0,10.0,True,0.0,,,
hscm_external_controller,auction,other_transient,1,3,50.0,,,,570.0,10.0,True,0.0,,,
hscm_external_controller,auction,other_transient,1,4,50.0,,,,610.0,9.0,False,0.0,,,
hscm_external_controller,auction,other_transient,1,5,50.0,,,,600.0,10.0,True,0.0,,,
hscm_external_controller,auction,other_transient,1,6,50.0,,,,590.0,10.0,True,0.0,,,
hscm_external_controller,auction,other_transient,1,7,50.0,,,,580.0,10.0,True,0.0,,,
hscm_external_controller,auction,other_transient,1,8,50.0,,,,570.0,10.0,True,0.0,,,
hscm_external_controller,auction,other_transient,1,9,50.0,,,,560.0,10.0,True,0.0,,,
hscm_external_controller,auction,other_transient,1,10,50.0,,,,550.0,10.0,True,0.0,,,
hscm_external_controller,auction,other_transient,1,11,50.0,,,,540.0,10.0,True,0.0,,,
hscm_external_controller,auction,other_transient,1,12,50.0,,,,530.0,10.0,True,0.0,,,
full_history,public_goods,world_transient,2,1,10.0,,,30.0,,,,,50.0,150.0,10.0
full_history,public_goods,world_transient,2,2,10.0,,,30.0,,,,,50.0,150.0,10.0
full_history,public_goods,world_transient,2,3,10.0,,,30.0,,,,,50.0,150.0,10.0
full_history,public_goods,world_transient,2,4,10.0,,,17.5,,,,,50.0,87.5,10.0
full_history,public_goods,world_transient,2,5,10.0,,,30.0,,,,,50.0,150.0,10.0
full_history,public_goods,world_transient,2,6,10.0,,,30.0,,,,,50.0,150.0,10.0
full_history,public_goods,world_transient,2,7,10.0,,,30.0,,,,,50.0,150.0,10.0
full_history,public_goods,world_transient,2,8,10.0,,,30.0,,,,,50.0,150.0,10.0
full_history,public_goods,world_transient,2,9,10.0,,,30.0,,,,,50.0,150.0,10.0
full_history,public_goods,world_transient,2,10,10.0,,,30.0,,,,,50.0,150.0,10.0
full_history,public_goods,world_transient,2,11,10.0,,,30.0,,,,,50.0,150.0,10.0
full_history,public_goods,world_transient,2,12,10.0,,,30.0,,,,,50.0,150.0,10.0
reflection,auction,control,2,1,50.0,,,,590.0,10.0,True,0.0,,,
reflection,auction,control,2,2,55.0,,,,575.0,10.0,True,1.0,,,
reflection,auction,control,2,3,56.0,,,,559.0,10.0,True,2.0,,,
reflection,auction,control,2,4,54.0,,,,545.0,10.0,True,0.0,,,
reflection,auction,control,2,5,54.0,,,,531.0,10.0,True,0.0,,,
reflection,auction,control,2,6,54.0,,,,517.0,10.0,True,0.0,,,
reflection,auction,control,2,7,54.0,,,,503.0,10.0,True,0.0,,,
reflection,auction,control,2,8,54.0,,,,489.0,10.0,True,0.0,,,
reflection,auction,control,2,9,54.0,,,,475.0,10.0,True,0.0,,,
reflection,auction,control,2,10,54.0,,,,461.0,10.0,True,0.0,,,
reflection,auction,control,2,11,54.0,,,,447.0,10.0,True,0.0,,,
reflection,auction,control,2,12,54.0,,,,433.0,10.0,True,0.0,,,
hscm_external_controller,auction,world_transient,2,1,50.0,,,,590.0,10.0,True,0.0,,,
hscm_external_controller,auction,world_transient,2,2,50.0,,,,580.0,10.0,True,0.0,,,
hscm_external_controller,auction,world_transient,2,3,50.0,,,,570.0,10.0,True,0.0,,,
hscm_external_controller,auction,world_transient,2,4,50.0,,,,610.0,9.0,False,0.0,,,
hscm_external_controller,auction,world_transient,2,5,50.0,,,,600.0,10.0,True,0.0,,,
hscm_external_controller,auction,world_transient,2,6,50.0,,,,590.0,10.0,True,0.0,,,
hscm_external_controller,auction,world_transient,2,7,50.0,,,,580.0,10.0,True,0.0,,,
hscm_external_controller,auction,world_transient,2,8,50.0,,,,570.0,10.0,True,0.0,,,
hscm_external_controller,auction,world_transient,2,9,50.0,,,,560.0,10.0,True,0.0,,,
hscm_external_controller,auction,world_transient,2,10,50.0,,,,550.0,10.0,True,0.0,,,
hscm_external_controller,auction,world_transient,2,11,50.0,,,,540.0,10.0,True,0.0,,,
hscm_external_controller,auction,world_transient,2,12,50.0,,,,530.0,10.0,True,0.0,,,
reflection,public_goods,control,3,1,10.0,,,30.0,,,,,50.0,150.0,10.0
reflection,public_goods,control,3,2,10.0,,,30.0,,,,,50.0,150.0,10.0
reflection,public_goods,control,3,3,10.0,,,30.0,,,,,50.0,150.0,10.0
reflection,public_goods,control,3,4,12.0,,,28.8,,,,,52.0,152.0,10.0
reflection,public_goods,control,3,5,10.0,,,30.0,,,,,50.0,150.0,10.0
reflection,public_goods,control,3,6,10.0,,,30.0,,,,,50.0,150.0,10.0
reflection,public_goods,control,3,7,10.0,,,30.0,,,,,50.0,150.0,10.0
reflection,public_goods,control,3,8,10.0,,,30.0,,,,,50.0,150.0,10.0
reflection,public_goods,control,3,9,10.0,,,30.0,,,,,50.0,150.0,10.0
reflection,public_goods,control,3,10,10.0,,,30.0,,,,,50.0,150.0,10.0
reflection,public_goods,control,3,11,10.0,,,30.0,,,,,50.0,150.0,10.0
reflection,public_goods,control,3,12,10.0,,,30.0,,,,,50.0,150.0,10.0
full_history,fishery,control,3,1,10.0,100.0,50.0,10.0,,,,,,,
full_history,fishery,control,3,2,10.0,100.0,50.0,10.0,,,,,,,
full_history,fishery,control,3,3,10.0,100.0,50.0,10.0,,,,,,,
full_history,fishery,control,3,4,10.0,100.0,50.0,10.0,,,,,,,
full_history,fishery,control,3,5,10.0,100.0,50.0,10.0,,,,,,,
full_history,fishery,control,3,6,10.0,100.0,50.0,10.0,,,,,,,
full_history,fishery,control,3,7,10.0,100.0,50.0,10.0,,,,,,,
full_history,fishery,control,3,8,10.0,100.0,50.0,10.0,,,,,,,
full_history,fishery,control,3,9,10.0,100.0,50.0,10.0,,,,,,,
full_history,fishery,control,3,10,10.0,100.0,50.0,10.0,,,,,,,
full_history,fishery,control,3,11,10.0,100.0,50.0,10.0,,,,,,,
full_history,fishery,control,3,12,10.0,100.0,50.0,10.0,,,,,,,
hscm_external_controller,fishery,world_transient,2,1,10.0,100.0,50.0,10.0,,,,,,,
hscm_external_controller,fishery,world_transient,2,2,10.0,100.0,50.0,10.0,,,,,,,
hscm_external_controller,fishery,world_transient,2,3,10.0,100.0,50.0,10.0,,,,,,,
hscm_external_controller,fishery,world_transient,2,4,10.0,90.0,50.0,10.0,,,,,,,
hscm_external_controller,fishery,world_transient,2,5,8.0,100.0,40.0,8.0,,,,,,,
hscm_external_controller,fishery,world_transient,2,6,10.0,100.0,50.0,10.0,,,,,,,
hscm_external_controller,fishery,world_transient,2,7,10.0,100.0,50.0,10.0,,,,,,,
hscm_external_controller,fishery,world_transient,2,8,10.0,100.0,50.0,10.0,,,,,,,
hscm_external_controller,fishery,world_transient,2,9,10.0,100.0,50.0,10.0,,,,,,,
hscm_external_controller,fishery,world_transient,2,10,10.0,100.0,50.0,10.0,,,,,,,
hscm_external_controller,fishery,world_transient,2,11,10.0,100.0,50.0,10.0,,,,,,,
hscm_external_controller,fishery,world_transient,2,12,10.0,100.0,50.0,10.0,,,,,,,
hscm_external_controller,public_goods,other_transient,4,1,10.0,,,30.0,,,,,50.0,150.0,10.0
hscm_external_controller,public_goods,other_transient,4,2,10.0,,,30.0,,,,,50.0,150.0,10.0
hscm_external_controller,public_goods,other_transient,4,3,10.0,,,30.0,,,,,50.0,150.0,10.0
hscm_external_controller,public_goods,other_transient,4,4,10.0,,,26.0,,,,,40.0,140.0,10.0
hscm_external_controller,public_goods,other_transient,4,5,10.0,,,30.0,,,,,50.0,150.0,10.0
hscm_external_controller,public_goods,other_transient,4,6,10.0,,,30.0,,,,,50.0,150.0,10.0
hscm_external_controller,public_goods,other_transient,4,7,10.0,,,30.0,,,,,50.0,150.0,10.0
hscm_external_controller,public_goods,other_transient,4,8,10.0,,,30.0,,,,,50.0,150.0,10.0
hscm_external_controller,public_goods,other_transient,4,9,10.0,,,30.0,,,,,50.0,150.0,10.0
hscm_external_controller,public_goods,other_transient,4,10,10.0,,,30.0,,,,,50.0,150.0,10.0
hscm_external_controller,public_goods,other_transient,4,11,10.0,,,30.0,,,,,50.0,150.0,10.0
hscm_external_controller,public_goods,other_transient,4,12,10.0,,,30.0,,,,,50.0,150.0,10.0
full_history,public_goods,control,2,1,10.0,,,30.0,,,,,50.0,150.0,10.0
full_history,public_goods,control,2,2,10.0,,,30.0,,,,,50.0,150.0,10.0
full_history,public_goods,control,2,3,10.0,,,30.0,,,,,50.0,150.0,10.0
full_history,public_goods,control,2,4,10.0,,,30.0,,,,,50.0,150.0,10.0
full_history,public_goods,control,2,5,10.0,,,30.0,,,,,50.0,150.0,10.0
full_history,public_goods,control,2,6,10.0,,,30.0,,,,,50.0,150.0,10.0
full_history,public_goods,control,2,7,10.0,,,30.0,,,,,50.0,150.0,10.0
full_history,public_goods,control,2,8,10.0,,,30.0,,,,,50.0,150.0,10.0
full_history,public_goods,control,2,9,10.0,,,30.0,,,,,50.0,150.0,10.0
full_history,public_goods,control,2,10,10.0,,,30.0,,,,,50.0,150.0,10.0
full_history,public_goods,control,2,11,10.0,,,30.0,,,,,50.0,150.0,10.0
full_history,public_goods,control,2,12,10.0,,,30.0,,,,,50.0,150.0,10.0
reflection,auction,other_transient,4,1,50.0,,,,590.0,10.0,True,0.0,,,
reflection,auction,other_transient,4,2,46.0,,,,630.0,9.0,False,0.0,,,
reflection,auction,other_transient,4,3,49.0,,,,621.0,10.0,True,0.0,,,
reflection,auction,other_transient,4,4,51.0,,,,661.0,9.0,False,0.0,,,
reflection,auction,other_transient,4,5,51.0,,,,650.0,10.0,True,0.0,,,
reflection,auction,other_transient,4,6,51.0,,,,639.0,10.0,True,0.0,,,
reflection,auction,other_transient,4,7,51.0,,,,628.0,10.0,True,0.0,,,
reflection,auction,other_transient,4,8,53.0,,,,615.0,10.0,True,0.0,,,
reflection,auction,other_transient,4,9,53.0,,,,602.0,10.0,True,0.0,,,
reflection,auction,other_transient,4,10,56.0,,,,586.0,10.0,True,2.0,,,
reflection,auction,other_transient,4,11,55.0,,,,571.0,10.0,True,1.0,,,
reflection,auction,other_transient,4,12,57.0,,,,554.0,10.0,True,3.0,,,
hscm_external_controller,fishery,world_transient,0,1,10.0,100.0,50.0,10.0,,,,,,,
hscm_external_controller,fishery,world_transient,0,2,10.0,100.0,50.0,10.0,,,,,,,
hscm_external_controller,fishery,world_transient,0,3,10.0,100.0,50.0,10.0,,,,,,,
hscm_external_controller,fishery,world_transient,0,4,10.0,90.0,50.0,10.0,,,,,,,
hscm_external_controller,fishery,world_transient,0,5,8.0,100.0,40.0,8.0,,,,,,,
hscm_external_controller,fishery,world_transient,0,6,8.0,100.0,48.0,8.0,,,,,,,
hscm_external_controller,fishery,world_transient,0,7,10.0,100.0,50.0,10.0,,,,,,,
hscm_external_controller,fishery,world_transient,0,8,10.0,100.0,50.0,10.0,,,,,,,
hscm_external_controller,fishery,world_transient,0,9,10.0,100.0,50.0,10.0,,,,,,,
hscm_external_controller,fishery,world_transient,0,10,10.0,100.0,50.0,10.0,,,,,,,
hscm_external_controller,fishery,world_transient,0,11,10.0,100.0,50.0,10.0,,,,,,,
hscm_external_controller,fishery,world_transient,0,12,10.0,100.0,50.0,10.0,,,,,,,
hscm_external_controller,public_goods,world_transient,0,1,10.0,,,30.0,,,,,50.0,150.0,10.0
hscm_external_controller,public_goods,world_transient,0,2,10.0,,,30.0,,,,,50.0,150.0,10.0
hscm_external_controller,public_goods,world_transient,0,3,10.0,,,30.0,,,,,50.0,150.0,10.0
hscm_external_controller,public_goods,world_transient,0,4,10.0,,,17.5,,,,,50.0,87.5,10.0
hscm_external_controller,public_goods,world_transient,0,5,10.0,,,30.0,,,,,50.0,150.0,10.0
hscm_external_controller,public_goods,world_transient,0,6,10.0,,,30.0,,,,,50.0,150.0,10.0
hscm_external_controller,public_goods,world_transient,0,7,10.0,,,30.0,,,,,50.0,150.0,10.0
hscm_external_controller,public_goods,world_transient,0,8,10.0,,,30.0,,,,,50.0,150.0,10.0
hscm_external_controller,public_goods,world_transient,0,9,10.0,,,30.0,,,,,50.0,150.0,10.0
hscm_external_controller,public_goods,world_transient,0,10,10.0,,,30.0,,,,,50.0,150.0,10.0
hscm_external_controller,public_goods,world_transient,0,11,10.0,,,30.0,,,,,50.0,150.0,10.0
hscm_external_controller,public_goods,world_transient,0,12,10.0,,,30.0,,,,,50.0,150.0,10.0
reflection,fishery,world_transient,0,1,10.0,100.0,50.0,10.0,,,,,,,
reflection,fishery,world_transient,0,2,10.0,100.0,50.0,10.0,,,,,,,
reflection,fishery,world_transient,0,3,10.0,100.0,50.0,10.0,,,,,,,
reflection,fishery,world_transient,0,4,10.0,90.0,50.0,10.0,,,,,,,
reflection,fishery,world_transient,0,5,8.0,100.0,40.0,8.0,,,,,,,
reflection,fishery,world_transient,0,6,10.0,100.0,50.0,10.0,,,,,,,
reflection,fishery,world_transient,0,7,10.0,100.0,50.0,10.0,,,,,,,
reflection,fishery,world_transient,0,8,10.0,100.0,50.0,10.0,,,,,,,
reflection,fishery,world_transient,0,9,10.0,100.0,50.0,10.0,,,,,,,
reflection,fishery,world_transient,0,10,10.0,100.0,50.0,10.0,,,,,,,
reflection,fishery,world_transient,0,11,10.0,100.0,50.0,10.0,,,,,,,
reflection,fishery,world_transient,0,12,10.0,100.0,50.0,10.0,,,,,,,
reflection,fishery,other_transient,2,1,10.0,100.0,50.0,10.0,,,,,,,
reflection,fishery,other_transient,2,2,10.0,100.0,50.0,10.0,,,,,,,
reflection,fishery,other_transient,2,3,10.0,100.0,50.0,10.0,,,,,,,
reflection,fishery,other_transient,2,4,10.0,90.0,60.0,10.0,,,,,,,
reflection,fishery,other_transient,2,5,8.0,100.0,40.0,8.0,,,,,,,
reflection,fishery,other_transient,2,6,10.0,100.0,50.0,10.0,,,,,,,
reflection,fishery,other_transient,2,7,10.0,100.0,50.0,10.0,,,,,,,
reflection,fishery,other_transient,2,8,10.0,100.0,50.0,10.0,,,,,,,
reflection,fishery,other_transient,2,9,10.0,100.0,50.0,10.0,,,,,,,
reflection,fishery,other_transient,2,10,10.0,100.0,50.0,10.0,,,,,,,
reflection,fishery,other_transient,2,11,10.0,100.0,50.0,10.0,,,,,,,
reflection,fishery,other_transient,2,12,10.0,100.0,50.0,10.0,,,,,,,
hscm_external_controller,auction,other_transient,0,1,50.0,,,,590.0,10.0,True,0.0,,,
hscm_external_controller,auction,other_transient,0,2,50.0,,,,580.0,10.0,True,0.0,,,
hscm_external_controller,auction,other_transient,0,3,50.0,,,,570.0,10.0,True,0.0,,,
hscm_external_controller,auction,other_transient,0,4,50.0,,,,610.0,9.0,False,0.0,,,
hscm_external_controller,auction,other_transient,0,5,52.0,,,,598.0,10.0,True,0.0,,,
hscm_external_controller,auction,other_transient,0,6,52.0,,,,586.0,10.0,True,0.0,,,
hscm_external_controller,auction,other_transient,0,7,52.0,,,,574.0,10.0,True,0.0,,,
hscm_external_controller,auction,other_transient,0,8,52.0,,,,562.0,10.0,True,0.0,,,
hscm_external_controller,auction,other_transient,0,9,52.0,,,,550.0,10.0,True,0.0,,,
hscm_external_controller,auction,other_transient,0,10,52.0,,,,538.0,10.0,True,0.0,,,
hscm_external_controller,auction,other_transient,0,11,52.0,,,,526.0,10.0,True,0.0,,,
hscm_external_controller,auction,other_transient,0,12,52.0,,,,514.0,10.0,True,0.0,,,
reflection,auction,control,4,1,50.0,,,,590.0,10.0,True,0.0,,,
reflection,auction,control,4,2,50.0,,,,580.0,10.0,True,0.0,,,
reflection,auction,control,4,3,49.0,,,,571.0,10.0,True,0.0,,,
reflection,auction,control,4,4,53.0,,,,558.0,10.0,True,0.0,,,
reflection,auction,control,4,5,53.0,,,,545.0,10.0,True,0.0,,,
reflection,auction,control,4,6,55.0,,,,530.0,10.0,True,1.0,,,
reflection,auction,control,4,7,56.0,,,,514.0,10.0,True,2.0,,,
reflection,auction,control,4,8,56.0,,,,498.0,10.0,True,2.0,,,
reflection,auction,control,4,9,57.0,,,,481.0,10.0,True,3.0,,,
reflection,auction,control,4,10,58.0,,,,463.0,10.0,True,4.0,,,
reflection,auction,control,4,11,59.0,,,,444.0,10.0,True,5.0,,,
reflection,auction,control,4,12,60.0,,,,424.0,10.0,True,6.0,,,
